FIPS,x,y,Cancer,Poverty,Smoking,PM25,NO2,SO2
13111,1056523.936,1376613.19,72,15.92,27.93333333,11.75533333,0.977666667,0.064184954
42115,1653442.064,2267301.476,59,12.22,26.96666667,9.026,1.499933333,0.03321098
42075,1633708.275,2096683.059,61,8.986666667,25.27333333,11.96333333,3.616466667,0.120281334
51683,1584048.852,1901443.401,62,7.86,22.9,12.73133333,3.621933333,0.118371127
36057,1735811.102,2409536.493,59,14.74666667,27.18,8.302,1.632733333,0.006404368
13149,1003646.751,1193901.75,86,17.50666667,30.21333333,12.27133333,1.6258,0.138780485
37153,1463896.202,1452940.213,79,21.93333333,29.48,12.71066667,1.487333333,0.022304498
51735,1716542.533,1743450.717,61,4.646666667,21.23333333,11.84333333,2.520266667,0.057279707
37003,1320295.845,1533038.997,64,12.67333333,27.77333333,11.55666667,1.7928,0.090705483
37063,1520852.145,1580156.875,65,14.81333333,19.58,12.35666667,1.937466667,0.06037865
36093,1768117.621,2407434.527,62,11.24666667,23.78666667,8.767333333,2.0944,0.006131673
51590,1463355.628,1632109.561,72,21.37333333,29.71333333,11.47266667,2.113266667,0.126120542
51600,1597510.11,1916180.732,41,5.573333333,15.58,13.132,4.147,0.13029202
51530,1445710.523,1759556.916,61,13.16666667,31.7,10.12466667,1.666666667,0.028030571
37181,1555147.596,1623916.995,79,22.22,29.66,11.73133333,1.738866667,0.064398226
13003,1240686.99,999295.872,93,24.16,28.28666667,11.87,0.636,0.007735251
51081,1622534.834,1672340.575,78,20.35333333,28.42,11.92733333,1.584866667,0.043300666
36015,1568845.615,2286060.403,73,14.36,26.11333333,9.176666667,1.640066667,0.041286954
51790,1462544.758,1811357.668,63,13.55333333,25.05333333,10.766,1.5146,0.033238452
37157,1434932.939,1605912.888,78,14.52666667,31.1,11.486,2.297333333,0.1052822
13119,1161855.577,1335144.383,72,16.56666667,27.51333333,12.73133333,1.394466667,0.030687529
42001,1581875.064,2029400.655,56,7.6,24.32,12.94466667,3.292466667,0.113010656
51540,1514326.824,1806985.039,53,19.77333333,23.18666667,11.30533333,1.984533333,0.033495497
24510,1644880.387,1977469.45,87,20.96,28.99333333,14.09,5.1886,0.146629183
42105,1485798.53,2224296.623,68,13.48,27,9.63,1.641466667,0.056870652
13173,1227378.725,968358.8725,89,21.00666667,28.51333333,11.602,0.651733333,0.007598222
13169,1151573.414,1181611.119,62,11.68666667,24.82,12.27866667,1.468666667,0.139995631
36109,1584749.021,2324857.448,52,15.81333333,16.21333333,9.181333333,1.777533333,0.032778433
36053,1638111.937,2388843.96,67,10.93333333,24.82666667,8.768,1.846866667,0.013151125
37007,1432790.709,1443984.99,66,20.93333333,28.37333333,12.72266667,1.685533333,0.029624066
37195,1611858.913,1559545.423,71,19.19333333,25.69333333,13.01866667,1.695066667,0.017671372
54077,1385413.786,1946823.68,62,16.44,28.66,10.95533333,2.3982,0.250782854
51089,1420848.109,1636040.467,65,14.69333333,30.15333333,10.89533333,1.855,0.091236621
51099,1622210.598,1854839.183,74,6.793333333,21.59333333,12.08266667,2.948666667,0.125150723
42047,1431155.363,2177641.106,64,8.88,27.58666667,10.53466667,1.742266667,0.115719854
42053,1381551.31,2178527.873,74,17.62666667,30,10.91066667,2.315866667,0.122241604
13247,1099839.163,1245707.827,62,11.68666667,22.44,13.13333333,3.7826,0.135322848
42079,1653351.821,2193500.035,65,12.32666667,28.84666667,9.622666667,2.4324,0.075286871
36005,1834509.187,2196946.254,45,27.97333333,23.25333333,11.748,11.64453333,0.039877724
42113,1604588.651,2214031.262,63,12.98,26.98666667,9.344,1.614866667,0.086849193
42021,1444689.53,2074193.143,57,13.27333333,26.94666667,11.18733333,3.099533333,0.263529537
45037,1285877.942,1284646.665,58,18.08,26.04,12.18666667,1.290266667,0.024738322
42037,1622394.822,2172315.89,56,12.44666667,25.78,10.06,2.702,0.115677531
51003,1508276.716,1804173.952,53,7.726666667,16.52666667,11.18733333,1.7494,0.033366864
37151,1445280.416,1529734.553,71,13.18,28.74666667,12.40466667,2.2968,0.057280666
36021,1816659.884,2353655.649,64,10.28,23.51333333,8.988,2.0608,0.010004799
34023,1800141.087,2141559.363,53,7.126666667,18.71333333,11.63666667,6.869533333,0.050961628
13175,1218893.132,1127443.529,70,20.53333333,25.94666667,12.17733333,0.846866667,0.030264103
13133,1179492.3,1247682.041,60,20.29333333,25.23333333,12.434,1.344666667,0.101512916
13017,1201807.39,1045952.93,96,23.05333333,28.68666667,12.47533333,0.646466667,0.01071437
13277,1177578.936,1008758.602,70,21.71333333,26.18,12.75466667,0.709266667,0.008984232
13065,1262954.262,959490.1139,104,23.44,29.1,11.29533333,0.5954,0.010513754
51570,1623811.322,1739869.115,72,7.573333333,28.4,11.83066667,2.799066667,0.079022377
37081,1439791.529,1570775.945,61,14.43333333,23.26666667,12.17266667,2.711333333,0.088706873
51640,1330087.373,1619263.778,79,19.74666667,31.58,9.587333333,1.330133333,0.042831727
51670,1631867.742,1744490.814,101,16.50666667,32.39333333,11.836,3.2466,0.08019077
13023,1181765.025,1119115.174,85,17.57333333,27.9,12.23266667,0.881733333,0.038834418
13029,1363361.497,1097965.828,92,10.56,23.74666667,11.306,0.949533333,0.010313017
13109,1319776.971,1107445.306,75,23.98,28.52666667,11.85,0.826466667,0.011627792
13171,1097548.858,1180372.835,80,16.28666667,28.16666667,12.32066667,1.6782,0.130991601
13195,1167461.434,1307970.612,85,14.76,27.47333333,12.796,1.343933333,0.043572274
51720,1176211.402,1625932.365,87,19.52666667,31.21333333,9.728666667,2.209,0.057382373
51830,1683120.473,1752365.459,48,18.90666667,17.66666667,11.94733333,2.523466667,0.06950066
36043,1681804.141,2456217.556,60,13.16,25.12,7.756666667,1.204733333,0.005746315
36007,1643936.98,2304050.692,58,14.11333333,23.94666667,8.944,1.687333333,0.024850571
51750,1353126.639,1674729.088,78,23.04,22.76666667,9.702,1.917866667,0.034742502
54047,1253566.396,1687978.492,106,34.46666667,34.96,9.408666667,1.168266667,0.03828383
54033,1329015.139,1916161.457,84,17.36666667,28,11.68333333,2.949733333,0.210726373
54007,1310840.99,1846926.185,78,21.61333333,30.92666667,10.63066667,1.652,0.102185634
13021,1142177.553,1155786.935,75,21.44,25.35333333,12.65533333,1.3396,0.100164584
51550,1731568.728,1694759.535,72,8.193333333,21.58666667,10.29,2.3896,0.043557652
36049,1634724.239,2487703.529,61,13.64,26.76666667,7.936666667,1.520533333,0.006190014
37029,1746713.975,1664623.636,66,9.473333333,23.39333333,9.948,1.659933333,0.024237535
42007,1305889.304,2071193.128,65,10.99333333,27.33333333,13.158,5.270933333,0.312501187
13009,1179525.219,1190286.64,68,20.94666667,26.47333333,12.322,1.3204,0.1200595
42025,1682297.897,2170140.233,68,10.06,29.44666667,9.887333333,3.412066667,0.072730595
13177,1115419.382,1036903.959,77,9.926666667,24.68,12.45266667,0.884333333,0.012986966
24011,1720531.915,1943797.185,80,11.59333333,25.52,12.92866667,4.189066667,0.08052073
13083,949876.9767,1363028.669,90,14.02666667,26.56,12.678,2.0276,0.097772433
13131,1119076.387,935895.365,77,22.2,27.09333333,11.876,0.645266667,0.00789093
54089,1317582.555,1729447.166,70,24.83333333,30.33333333,9.448666667,1.3772,0.037281857
13143,989780.5921,1248202.62,89,17,30.24666667,12.64266667,1.5934,0.204562146
13227,1048750.481,1330599.247,74,11.52666667,26.40666667,12.84866667,1.5288,0.122754787
42109,1574275.135,2130545.407,52,10.56,25.57333333,11.046,3.1288,0.144884251
51690,1421799.935,1636136.484,80,20.12666667,28.96,10.94466667,1.848133333,0.090804627
36017,1652705.228,2344047.232,63,14.2,26.08666667,8.732666667,1.443333333,0.016552842
13275,1149153.54,938437.0275,78,20.18,25.81333333,11.886,0.669133333,0.007555336
37041,1717104.377,1631166.367,69,18.54666667,26.00666667,10.55933333,1.296266667,0.020002733
37169,1394188.124,1599626.409,77,11.90666667,30.93333333,11.198,1.993266667,0.087910654
54069,1294167.135,2002786.432,76,15.28,28.36666667,13.43333333,4.545066667,0.406559049
51775,1393922.749,1700093.235,71,8.753333333,26.52666667,10.322,2.206066667,0.034263399
51630,1593702.528,1852059.96,69,14.9,24.49333333,12.024,2.721933333,0.106019507
13097,1031382.337,1242709.45,73,10.76,24.77333333,13.25333333,2.909266667,0.206280792
37069,1571748.504,1594889.666,72,14.1,26.08,12.15733333,1.711933333,0.038521283
13139,1109248.869,1321624.535,62,13.34,24.87333333,13.088,1.556533333,0.054985529
37149,1242895.468,1448685.554,53,12.36,23.83333333,11.25866667,1.763133333,0.059930607
13243,1058282.459,1027981.069,69,27.06,27.09333333,11.98533333,0.720533333,0.013834109
13283,1252655.898,1125410.716,86,26.58666667,29.05333333,12.074,0.699733333,0.019636071
37109,1323677.525,1484314.988,66,11.66666667,26.34666667,12.20333333,2.459466667,0.115437795
36035,1731906.788,2432891.232,65,14.28,27.58666667,8.024,1.350866667,0.005243562
36097,1553949.123,2311832.582,67,12.36666667,25.81333333,9.096666667,1.772,0.039672887
37077,1535005.921,1613210.202,76,13.83333333,27.14666667,11.71133333,1.764733333,0.075356169
51730,1625527.449,1733268.28,97,20.62,29.52666667,11.636,2.496133333,0.074446439
13101,1248348.27,934440.3294,73,23.71333333,28.58666667,11.18266667,0.6676,0.009702606
42009,1473184.117,2023798.399,52,11.92666667,26.82666667,11.02666667,2.842666667,0.158886417
13189,1243553.429,1245820.702,94,19.44666667,28.29333333,12.42133333,1.410066667,0.045470302
13081,1148323.713,1057203.733,78,27.50666667,27.83333333,12.63066667,0.806333333,0.014370813
51710,1730261.754,1719321.773,78,19.39333333,25.38666667,11.14066667,2.617333333,0.049621813
51065,1535867.509,1788758.043,55,6.973333333,23.19333333,11.23133333,1.841466667,0.041039072
37001,1474728.089,1572762.401,69,13.5,27,11.9,2.298466667,0.078810443
13179,1361780.107,1076726.915,76,17.19333333,25.43333333,11.11933333,0.8934,0.009774712
13239,1032302.684,1036603.891,93,23.98666667,28.82666667,12.018,0.760133333,0.015273258
51137,1549999.877,1837565.678,68,9.053333333,25.82666667,11.49733333,2.199933333,0.057854525
54017,1301653.502,1910050.185,76,19.32,31.52666667,11.968,3.158266667,0.223853046
13201,1068274.984,962213.1331,78,21.99333333,26.76666667,12.52266667,0.661933333,0.010339054
34011,1768774.33,2011919.092,70,15.23333333,28.11333333,12.91466667,3.487733333,0.045609201
13135,1095759.988,1279796.436,53,9.273333333,19.22666667,13.40666667,3.243666667,0.104596959
42019,1337590.339,2102567.407,59,8.333333333,23.4,12.604,4.383266667,0.286625125
36091,1776076.011,2442465.765,63,6.593333333,21.13333333,8.527333333,2.015266667,0.004390669
37107,1646302.997,1513043.27,73,20.23333333,27.35333333,12.118,1.4862,0.012877913
13215,1037083.188,1109400.014,74,17.92,24.95333333,12.68866667,0.9664,0.036799276
42077,1699112.311,2138770.953,56,10.36666667,24.28666667,11.43933333,4.451666667,0.072346667
13089,1079948.559,1256389.654,52,15.00666667,18.88,13.422,4.4912,0.140996438
51183,1642946.115,1704445.424,84,19.40666667,27.91333333,11.49266667,1.908266667,0.058643347
51840,1517023.255,1936981.425,78,13.45333333,27.10666667,11.83933333,2.989666667,0.081773593
37093,1509167.122,1462165.108,82,17.87333333,27.16666667,12.834,1.599666667,0.017354063
42083,1429885.045,2220922.964,73,14.33333333,28.52666667,10.05,1.466866667,0.071557137
45061,1434148.183,1352336.958,81,26.19333333,29.28666667,12.572,1.3402,0.038363087
45051,1552375.47,1345424.088,70,15.16,29.98666667,10.71666667,1.072,0.027848615
37031,1742993.493,1485548.212,75,12.74666667,26.84,8.127333333,0.82,0.007016134
45005,1354654.169,1206555.333,72,35.26,27.74666667,11.34533333,0.9478,0.02473639
37039,1075668.387,1409410.991,69,17.08666667,27.97333333,11.29533333,0.9582,0.047794317
36027,1820406.179,2298754.25,60,8.1,21.64,9.426,2.402666667,0.01841173
13223,1019493.25,1265907.639,74,7.593333333,25.84,13.292,2.622066667,0.220265044
13117,1082914.224,1307948.074,52,5.6,18.55333333,13.46266667,1.844266667,0.090544611
42131,1643088.775,2230410.228,64,10.86,26.07333333,9.138666667,2.1882,0.055272458
54075,1378205.378,1816237.449,74,17.68,28.20666667,9.215333333,0.9346,0.044613198
13053,1047514.925,1092319.577,88,18.64,20.62666667,12.27533333,0.788733333,0.028402561
54019,1291852.933,1767655.85,95,21.61333333,31.48666667,9.795333333,1.633333333,0.070849713
54101,1339894.375,1828331.821,89,27.11333333,31.50666667,9.648,1.1206,0.062105957
37185,1580830.177,1632431.425,61,22.88,27.20666667,11.71466667,1.617666667,0.045477709
13191,1375560.829,1041347.409,69,19.58666667,27.81333333,10.686,0.7158,0.01113753
13311,1111168.399,1358919.711,61,13.81333333,24.90666667,11.89466667,1.216533333,0.036456967
51153,1585461.893,1896563.543,62,5.58,20.53333333,12.45733333,3.242533333,0.109487893
37085,1534801.605,1506770.297,76,16.22,27.13333333,13.02066667,1.676866667,0.018872703
45067,1516215.834,1357000.88,79,24.65333333,28.66,11.63733333,1.219466667,0.028252022
36123,1530166.579,2334378.468,64,14.02,24.79333333,9.015333333,1.724466667,0.039520381
13267,1305712.571,1092823.631,92,25.6,28.5,11.97,0.7536,0.010500177
13321,1145798.959,1015128.398,71,19.61333333,27.99333333,12.538,0.7988,0.010234082
45035,1440375.919,1230614.934,64,11.23333333,24.40666667,10.73666667,1.241466667,0.044484932
36069,1509820.646,2355302.693,64,8.846666667,21.54,9.15,1.925866667,0.038785772
13057,1050761.13,1306115.374,61,6.9,22.27333333,13.41933333,2.4658,0.152438517
13161,1255596.036,1058523.507,99,20.23333333,27.54,12.16466667,0.671133333,0.009300602
13069,1239676.066,1027479.846,74,22.30666667,27.84666667,12.26266667,0.6426,0.008462469
36073,1427249.188,2384624.13,69,12.96,28.18,10.236,3.3304,0.044723983
36101,1515917.072,2289805.219,73,14.04,25.55333333,8.947333333,1.434266667,0.040500091
34021,1780222.646,2119053.231,54,9.12,19.90666667,11.80266667,5.281866667,0.055527646
13255,1081737.822,1199158.137,78,18.62,28.1,12.452,1.939,0.149703155
54051,1294707.942,1976028.343,74,15.62,30.70666667,13.07266667,4.182133333,0.386921674
54029,1290225.113,2050386.631,77,12.44,30.7,12.98533333,4.887533333,0.334911688
42133,1621663.153,2043017.974,59,8.046666667,24.26666667,12.976,3.753866667,0.127608038
37115,1186006.548,1505916.697,64,16.96666667,27.21333333,10.14666667,1.2564,0.045084359
37133,1676336.57,1460888.579,80,15.22,26.54,9.95,0.993533333,0.013750033
54013,1274478.73,1857390.209,87,22.74,32.95333333,11.51933333,2.135666667,0.184781843
51125,1484760.238,1773042.453,70,11.76,24.68,10.714,1.6068,0.029505235
51680,1466332.778,1725627.038,73,18.90666667,25.04,11.02066667,1.818466667,0.035563315
13281,1108099.219,1389069.294,61,13.9,24.78666667,11.24733333,0.8272,0.03193818
13225,1133468.486,1127832.389,90,21.42,25.57333333,12.34,1.1298,0.062417203
51063,1373699.002,1656374.609,49,12.24,26.48,9.65,1.364,0.049349769
36029,1397300.328,2323592.893,67,13.28,24.30666667,10.39933333,2.8934,0.05711464
13151,1091082.441,1221936.754,68,7.786666667,22.52666667,12.828,2.972,0.155174237
51520,1222120.615,1597141.253,94,18.8,28.81333333,10.36266667,2.103133333,0.045761823
54065,1501884.099,1978349.929,80,12.14,29.8,11.454,3.229733333,0.09698803
51103,1693664.731,1807551.068,66,13.46,23.46,11.41333333,1.771333333,0.056949109
36121,1439265.332,2324433.93,60,10.36,27.28666667,9.487333333,1.900466667,0.048157697
42081,1561950.648,2193635.395,61,12.75333333,26.18666667,9.878666667,2.324466667,0.097097508
51017,1406203.336,1789944.572,69,9.013333333,27.05333333,9.51,1.360866667,0.031966773
51131,1752689.964,1775435.961,94,19.72666667,25.65333333,10.22733333,2.277266667,0.035814662
37057,1407800.143,1532761.676,73,13.04666667,28.97333333,12.45466667,2.689266667,0.076664917
37155,1528493.411,1422787.013,78,27.67333333,31.03333333,12.62733333,1.4948,0.01660844
42097,1602057.96,2145493.006,63,12.42,28.08666667,10.73533333,2.723666667,0.147714748
42121,1341070.721,2158752.11,72,14.47333333,29.29333333,11.614,3.263333333,0.145555821
51197,1311583.651,1644628.34,72,13.60666667,29.03333333,9.462666667,1.188666667,0.030809531
54045,1221701.597,1734554.266,120,22.09333333,33.81333333,10.21066667,2.0086,0.088614108
13213,1018911.294,1363530.392,97,15.28,31.04666667,12.724,1.828133333,0.102093803
37013,1709880.255,1554745.801,77,18.38666667,25.44666667,10.264,1.271133333,0.009340984
37113,1132960.345,1418734.132,58,14.99333333,26.43333333,10.33933333,0.743533333,0.027987447
36009,1412014.758,2267732.697,64,14.83333333,27.32,9.815333333,1.8274,0.062639113
36055,1471985.02,2381307.728,58,13.00666667,21.5,9.776,3.0206,0.040782406
34015,1757950.477,2048967.108,74,6.8,24.17333333,12.68266667,5.456533333,0.053715548
13037,1073561.977,1003649.305,81,30.94,26.66,12.17266667,0.751066667,0.011407108
54039,1248201.79,1795739.978,87,14.71333333,28.16,11.28733333,2.838533333,0.173502213
11001,1620145.774,1926595.621,62,17.8,22.08,13.512,5.445133333,0.149480163
45085,1427140.308,1323124.199,68,17.94,26.52,12.34666667,1.3676,0.047499713
51043,1533134.273,1933160.16,68,7.1,23.06666667,12.00733333,3.052133333,0.084447852
54021,1295165.507,1869902.771,71,23.96666667,29.19333333,11.466,2.0594,0.154926879
34033,1743771.149,2031005.452,73,9.773333333,25.06666667,13.34266667,4.574466667,0.057401127
13193,1116496.715,1102091.278,73,27.00666667,28.44666667,12.25333333,1.0106,0.036778614
13263,1066361.408,1134167.661,84,20.86,26.7,12.35666667,0.9238,0.062907262
13093,1142014.884,1082724.612,54,25.5,28.05333333,12.43866667,0.8602,0.022368158
51133,1693700.158,1825328.974,63,12.88,24.08666667,11.51333333,1.921,0.070302289
37105,1505940.861,1513658.565,73,14.4,26.29333333,12.83333333,1.705,0.02582737
45027,1446754.817,1298002.946,71,24.02,26.77333333,11.794,1.274266667,0.053875999
37127,1600385.578,1587248.999,70,15.25333333,25.6,12.644,1.635666667,0.024683401
51620,1676303.202,1683927.061,73,18.78,26.34666667,11.38333333,1.793933333,0.04932482
51049,1545565.804,1752895.876,67,15.27333333,27.97333333,11.28133333,1.7732,0.049144742
51037,1519860.206,1691095.398,77,16.97333333,27.1,11.13466667,1.7392,0.063611694
51115,1710730.906,1777230.966,60,8.986666667,24.13333333,11.85933333,1.879933333,0.054094095
51119,1686849.317,1794380.822,75,12.44,24.02,11.59866667,2.022266667,0.070397411
51015,1456078.917,1810843.496,63,8.226666667,25.95333333,10.19066667,1.487066667,0.0339999
54003,1523121.264,1971372.329,85,11.32,29.97333333,12.18866667,3.4102,0.090112598
37163,1586724.023,1473472.829,71,19.37333333,27.38,12.51066667,1.355133333,0.016449593
51117,1552612.154,1659453.181,74,16.14666667,28.27333333,11.50466667,1.677533333,0.071183425
37035,1321432.026,1503977.361,69,12.14,25.78,11.99,2.247333333,0.108931048
13049,1318756.006,952508.0788,83,23.02666667,30.75333333,10.73533333,0.753,0.023360332
37191,1611551.667,1520555.882,76,17.38666667,26.9,12.89266667,1.736933333,0.014442434
36023,1613685.107,2347274.963,65,14.45333333,24.92,8.912,1.686666667,0.02249919
37059,1376002.495,1542989.916,60,10.05333333,25.97333333,12.12933333,2.326533333,0.09012095
13291,1086530.75,1376942.086,62,14.79333333,25.21333333,11.34733333,0.900933333,0.043418764
36037,1435433.15,2357644.153,67,10.15333333,25.44,10.012,2.558533333,0.045821095
51159,1666241.838,1825977.972,68,17.26666667,28.79333333,11.484,2.175866667,0.08299332
13115,983511.4296,1300252.571,81,17.04,26.82666667,13.256,2.2278,0.189847276
45009,1378521.094,1235921.641,65,25.44,25.5,11.29066667,1.0986,0.034552977
42023,1467229.207,2185659.851,63,11.69333333,28.05333333,10.09733333,1.740466667,0.091801556
24009,1666038.768,1894678.827,68,5.46,22.88666667,12.58533333,2.8886,0.133364234
51127,1652922.898,1773161.116,80,5.626666667,24.48,11.34733333,2.578533333,0.083857622
13055,968986.5888,1322457.969,87,17.49333333,30.50666667,13.202,1.927666667,0.15694681
13241,1138683.737,1389143.35,68,14.74,24.92,11.10266667,0.7984,0.026398006
42117,1537131.813,2237598.109,60,13.80666667,25.39333333,9.308666667,1.612666667,0.05207866
45021,1295852.481,1430438.159,79,17.1,30.26666667,12.254,1.971,0.074208924
51149,1640404.662,1734227.045,67,8.906666667,24.88666667,11.55133333,2.593866667,0.074335136
45089,1492001.499,1300584.526,73,28.44666667,26.08666667,10.87133333,1.212133333,0.050556954
45003,1319815.773,1263983.766,68,15.08,25.48666667,11.71933333,1.271333333,0.026713313
13145,1031170.742,1134100.571,60,9.393333333,21.38,12.39666667,0.952266667,0.057190997
42049,1307535.891,2220156.836,69,14.02666667,27.22666667,11.41266667,2.5386,0.078515267
36067,1594290.542,2390104.004,66,12.77333333,23.46,9.342,2.217066667,0.019415654
37131,1642325.495,1646805.024,64,23.24666667,27.13333333,11.928,1.4642,0.0309088
51036,1650666.498,1755747.35,73,10.53333333,27.4,11.52333333,2.8706,0.080230738
51067,1414401.142,1670082.516,55,11.74666667,26.65333333,10.43333333,1.821,0.06122508
34019,1755884.159,2146097.44,46,3.413333333,16.98,10.99133333,4.996733333,0.063308726
13159,1135652.349,1212270.721,68,15.75333333,26.81333333,12.39266667,1.7292,0.167261261
37173,1121743.842,1455205.271,75,17.30666667,30.68,10.22066667,0.779933333,0.038159153
37187,1727246.941,1596012.316,69,22.26,27.06,9.89,1.518933333,0.012975895
13015,1017773.77,1301385.213,86,12.5,27.63333333,13.48733333,2.540066667,0.196600637
51071,1337018.762,1693779.243,83,11.37333333,27.88,9.333333333,1.865133333,0.03055773
51740,1723227.177,1712308.886,81,16.80666667,26.14666667,11.14866667,2.5748,0.051780903
24005,1639584.197,1994032.373,63,7.753333333,22.46,13.484,4.4376,0.135596137
24015,1694933.488,2018400.3,79,8.46,26.07333333,13.76,4.755933333,0.089461949
37079,1637921.407,1539543.085,68,20.49333333,26.16,12.72733333,1.618466667,0.013556089
24019,1713827.547,1896169.761,77,14.64,26.37333333,12.348,3.3664,0.071502067
37111,1247170.21,1494736.273,70,14.94,29.22666667,10.408,1.6632,0.06043457
13163,1256171.786,1199257.299,77,23.84,27.06,12.14933333,1.0764,0.040545905
13289,1169114.232,1143614.233,73,19.92,28.86,12.18733333,1.0758,0.070710838
51107,1563959.503,1936625.552,50,3.26,14.90666667,12.896,3.701533333,0.102731287
37139,1742060.758,1653103.173,74,18.08666667,26.09333333,10.12533333,1.4822,0.024836003
37005,1314686.836,1596855.37,63,17.64,28.08666667,9.848666667,1.2924,0.044066831
54009,1294492.84,2022929.839,76,12.44666667,30.58666667,13.258,4.1472,0.391901706
37067,1397694.609,1569407.773,67,14.14666667,25.45333333,12.11466667,2.743333333,0.090139443
45063,1346738.572,1308601.146,66,11.12666667,24.78666667,12.044,1.4006,0.032624567
10001,1737530.538,1972072.594,74,11.93333333,26.07333333,13.42266667,3.421533333,0.06929497
24027,1619605.459,1966057.211,42,4.446666667,13.88,13.384,4.7924,0.140965119
24029,1694052.145,1981950.218,65,11.78,22.96,13.53266667,4.581533333,0.102078797
24031,1599218.37,1948856.135,44,5.82,13.51333333,13.38066667,4.832066667,0.130191437
37091,1679783.717,1647579.887,70,23.35333333,26.52,11.362,1.4432,0.030431981
36003,1464342.964,2278548.815,67,16.50666667,24.69333333,9.233333333,1.309066667,0.044734191
37061,1626897.935,1474774.311,65,20.34,27.73333333,11.69,1.2014,0.016240834
13121,1057680.928,1255772.741,58,16.11333333,18.88666667,13.46466667,3.747733333,0.166282138
54001,1363554.584,1904822.789,72,20.64,29.07333333,10.59466667,2.035666667,0.16523128
51111,1557688.929,1690682.635,68,19.68666667,29.47333333,11.22666667,1.625133333,0.057253665
51169,1181659.323,1602179.406,84,16.82,29.69333333,10.52666667,2.512133333,0.059581884
24037,1668389.554,1867466.358,70,7.686666667,22.06666667,12.39,2.421866667,0.101043297
45077,1199434.591,1398170.842,64,14.14,24.58666667,11.932,1.527933333,0.027727574
45087,1301978.779,1390787.374,79,16.78,30.08666667,12.28133333,1.3432,0.041707734
45083,1264596.645,1412493.179,73,14.05333333,26.68666667,12.328,1.836066667,0.051226487
45013,1422969.875,1149284.841,50,11.61333333,21.56666667,10.86,0.9116,0.015457588
45053,1394211.904,1150416.926,60,23.18666667,27.96,10.896,0.962333333,0.016498578
37051,1545014.124,1472239.09,76,16.4,25.54,13.02733333,1.6628,0.016146991
10003,1719077.989,2024828.341,66,9.393333333,23.24,14.13333333,4.9514,0.068458668
13077,1036448.997,1204099.492,66,9.92,23.62666667,12.62466667,1.9452,0.160924834
13233,989224.3021,1271527.442,100,17.14666667,29.36,12.866,1.945133333,0.211033087
24003,1652614.186,1944776.741,68,5.713333333,21.74,13.526,4.5748,0.141986298
37087,1166148.013,1468980.246,61,14.2,28.46666667,9.826666667,1.024666667,0.036620953
54087,1257108.312,1839934.89,82,21.40666667,33.21333333,11.66733333,2.575266667,0.21716079
37197,1361162.478,1566766.534,69,12.86666667,29.06,11.572,2.0944,0.083312892
10005,1762733.34,1928788.66,69,11.62666667,27.42,12.29266667,3.601333333,0.057635935
37089,1214308.512,1450981.49,56,12.14666667,24.26666667,10.62333333,1.5424,0.045088568
13157,1134916.515,1304291.6,83,13.32,26.22,13.05333333,1.7394,0.057007757
37161,1263152.818,1465512.044,69,16.99333333,28.60666667,11.21066667,1.900533333,0.075897961
51141,1385083.588,1629473.103,65,15.12666667,29.87333333,10.398,1.783533333,0.070270986
42067,1552118.755,2098795.276,51,9.493333333,26.25333333,11.24066667,3.056866667,0.106863053
42071,1658497.002,2064716.084,52,8.76,23.22666667,12.81133333,4.389,0.108056667
45019,1486274.334,1210584.557,62,15.84666667,23.36666667,9.590666667,1.022133333,0.027919816
37193,1316547.473,1564807.212,68,16.15333333,28.67333333,10.69733333,1.5656,0.06409672
13141,1199327.046,1215604.883,72,28.94,27.47333333,12.25066667,1.3462,0.101570204
13011,1137907.672,1329501.639,60,14.30666667,27.9,12.83866667,1.4372,0.037617526
37177,1759744.963,1602276.313,70,26.16,29.27333333,8.868,1.401666667,0.011368369
42085,1302019.114,2140915.863,62,13,27.64,12.19066667,3.375133333,0.148678507
42087,1532755.461,2104065.458,63,13.76,28.11333333,11.04066667,2.893466667,0.10175133
42027,1509494.377,2134790.064,49,14.48666667,18.35333333,10.54133333,2.778333333,0.115801529
42029,1701412.133,2065940.824,54,5.72,18.22666667,13.038,5.0668,0.075305733
45033,1508707.785,1391005.584,94,25.06666667,30.48,12.386,1.3276,0.019207342
42031,1372665.672,2140579.475,58,14.4,25.1,11.74466667,3.210266667,0.211933187
45039,1351833.839,1365215.886,76,19.30666667,27.66,12.394,1.2808,0.03338413
13013,1123623.574,1286900.033,82,11.34,27.31333333,13.074,2.222866667,0.079718502
51147,1534615.893,1718046.143,70,20.8,25.88,11.206,1.9544,0.047593932
42093,1602149.321,2165666.682,54,9.88,27.02666667,10.764,3.075933333,0.140087713
42095,1718996.522,2159377.207,58,8.12,24.1,11.07466667,4.218066667,0.066797708
37175,1187967.651,1432054.99,50,13.48,24.61333333,10.37066667,1.1282,0.031857878
51077,1303279.472,1613812.512,74,15.95333333,29.81333333,9.492,1.106466667,0.035797871
24033,1636048.467,1921250.675,44,8.4,19.88666667,12.94933333,5.0034,0.153599393
34007,1770779.48,2061835.737,67,11.20666667,24.21333333,12.352,6.069333333,0.051329366
37199,1220636.087,1515441.143,59,17.25333333,27.62,9.689333333,1.147133333,0.045491152
13245,1282819.849,1237590.181,83,21.76,26.13333333,12.23933333,1.5142,0.02978399
13265,1205964.13,1249909.645,68,26.33333333,29.1,12.34733333,1.231133333,0.072741572
13279,1279101,1097466.725,96,24.2,26.5,12.12866667,0.727733333,0.011724619
36013,1356925.681,2255464.747,60,16.2,26.81333333,10.80266667,2.7216,0.07880145
37171,1354669.092,1594547.909,77,15.75333333,29.58,10.79533333,1.801666667,0.068460218
42043,1606103.319,2096485.218,61,10.52,23.40666667,11.74733333,3.305466667,0.133408198
51011,1499577.028,1728467.534,65,12.92666667,27.3,10.992,1.869533333,0.038460886
37009,1282966.394,1585422.594,60,16.16666667,27.18,9.619333333,1.268333333,0.038737395
51033,1611502.058,1824508.555,80,10.58,26.24,11.56733333,2.698,0.099649543
36047,1833913.467,2172024.905,42,22.83333333,21.98,12.294,9.603133333,0.038231252
51173,1272812.077,1630310.37,88,15.79333333,29.8,9.416,1.043533333,0.032801523
45059,1270662.378,1362776.656,75,17.32666667,28.74,12.48733333,1.290666667,0.025618834
51101,1640681.282,1793703.591,77,7.086666667,25.39333333,11.57666667,2.6488,0.091064661
45075,1397734.609,1264367.994,63,22.82666667,25.24,11.50133333,1.3372,0.045034246
51059,1599741.123,1914646.415,41,5.206666667,15.58,13.124,4.197266667,0.132658801
37023,1276514.134,1506834.895,71,15.09333333,29.36666667,10.76,1.639733333,0.076762768
51177,1581708.461,1836635.824,69,6.286666667,22.98666667,11.66866667,2.361,0.084119819
24041,1700070.455,1927775.068,52,8.58,21.46,13.02,3.826066667,0.091707227
42057,1506294.912,2020785.076,61,10.59333333,26.62666667,11.404,3.006933333,0.107416161
37159,1382960.571,1511317.321,72,14.22666667,27.73333333,12.72866667,2.4164,0.085937188
37117,1680413.528,1588520.683,79,20.81333333,25.64666667,11.318,1.585666667,0.014973045
13293,1085492.191,1156919.191,73,18.34,29.43333333,12.21066667,1.129666667,0.094517932
13313,998958.9498,1363198.725,79,14.55333333,27.76,13.13866667,2.328133333,0.111123155
51179,1593460.956,1865910.319,68,4.833333333,20.14,12.20866667,2.85,0.112266356
37027,1287060,1531518.525,80,14.56666667,29.48,10.84733333,1.598333333,0.069409705
42119,1570613.582,2151895.609,43,11.78,24.94666667,10.69266667,2.865866667,0.139606984
36083,1814336.67,2406093.9,74,10.66,23.66,8.708666667,2.2682,0.005980841
37045,1296774.667,1462918.922,72,17,27.89333333,12.01733333,2.031333333,0.098139093
24045,1750040.409,1892975.815,81,13.31333333,24.7,11.58533333,3.467466667,0.056606171
37119,1362697.348,1463374.166,56,12.08,19.47333333,13.03333333,3.1472,0.086533074
13297,1124773.134,1263220.213,68,11.93333333,26.28666667,12.866,2.137866667,0.108604907
42123,1372531.962,2211179.994,62,11.65333333,27.86,10.67733333,2.4872,0.087274143
34039,1803087.26,2167525.559,50,9.12,20.5,12.02733333,9.225,0.049706539
13307,1073563.458,1061689.581,66,19.30666667,26.8,12.05666667,0.7182,0.017903297
13309,1242618.537,1091702.72,67,31.72666667,28.05333333,12.11666667,0.746933333,0.013975894
42003,1340289.628,2052713.595,67,11.39333333,25.3,13.14933333,5.3952,0.405722665
42129,1385974.15,2042662.979,60,9.586666667,25.29333333,12.426,3.954466667,0.390517557
13085,1075715.83,1331660.446,74,10.51333333,25.73333333,12.78533333,1.252933333,0.081379445
13063,1071151.413,1229322.893,69,16.13333333,24.11333333,13.236,3.692933333,0.1628903
37141,1638010.356,1430021.552,69,15.14,27.39333333,10.21266667,0.896866667,0.020219009
37129,1646097.352,1398296.877,66,14.06666667,24.50666667,9.52,0.9528,0.0197437
24039,1744615.768,1862073.288,87,21.86,27.29333333,11.44866667,2.336866667,0.04860733
13167,1239454.726,1157124.13,68,26.93333333,28.34,12.08333333,0.851466667,0.036318168
36117,1524638.913,2392871.668,64,10.37333333,25.34666667,9.677333333,2.417866667,0.032075248
34005,1793128.135,2075366.679,60,5.54,21.64,11.64,4.755933333,0.045815574
37053,1763878.691,1670135.135,85,10.44666667,26.93333333,9.660666667,1.611266667,0.022068544
45091,1336110.314,1428342.555,71,11.68,25.60666667,12.576,1.9606,0.070648188
45065,1252619.994,1294113.473,57,18.9,26.20666667,12.47066667,1.146533333,0.02755893
45081,1303698.653,1313763.029,57,16.90666667,26.86666667,12.21933333,1.081466667,0.023179284
37123,1443588.974,1486516.397,63,18.66666667,27.22,12.53733333,1.7368,0.035944271
36039,1776833.617,2347254.627,75,13.5,26.41333333,8.798,2.173866667,0.011101784
45073,1170904.671,1378993.2,61,13.52,25.98,12.01666667,1.133533333,0.024534528
34041,1741874.528,2176288.673,61,6.246666667,22.55333333,10.152,4.036666667,0.060948017
42005,1376413.78,2098078.46,61,12.14666667,27.58666667,12.25,4.1228,0.345467193
42035,1517690.196,2172273.438,69,13.89333333,26.25333333,10.08266667,2.2874,0.092003654
13095,1111782.166,1008830.392,76,25.54,24.98,12.48666667,0.8886,0.01055159
36115,1804774.034,2472917.923,71,11.82,26.26666667,8.425333333,1.563866667,0.003323526
13269,1094442.998,1121507.842,72,24.24666667,28.86,12.34,0.960533333,0.052555854
13067,1045720.264,1271398.865,56,9.793333333,18.76666667,13.56533333,3.912933333,0.192186332
54037,1540247.38,1956911.497,79,9.606666667,25.58666667,12.47266667,3.5824,0.090802669
51035,1344969.201,1628917.501,66,15.07333333,29.30666667,9.627333333,1.3884,0.047610201
13251,1335318.349,1176789.814,81,21.18666667,26.57333333,11.52666667,0.740666667,0.019671816
36033,1703903.787,2595627.355,70,16.21333333,27.16666667,7.441333333,0.791,0.001725461
36051,1474589.851,2334175.807,67,11.57333333,23.93333333,9.173333333,1.775866667,0.041916752
54099,1174285.609,1763155.466,87,18.98666667,31.59333333,10.934,2.315333333,0.156098409
51027,1222296.597,1670564.647,77,22.90666667,31.51333333,9.558,1.386933333,0.046099452
45031,1457757.858,1375458.332,80,20.59333333,27.84,12.722,1.509866667,0.028191081
45079,1378047.721,1327144.98,65,14.46666667,21.80666667,12.47133333,1.593133333,0.040118978
51061,1556868.479,1895059.369,64,5.873333333,21.62666667,11.91466667,2.565466667,0.088261504
54057,1447341.374,1951614.004,73,14.74,27.72,10.71733333,2.6718,0.144306704
54059,1206178.921,1720396.176,117,24.92,33.39333333,10.17466667,2.023866667,0.074718423
54109,1258731,1714945.02,96,22.81333333,33.22,9.568666667,1.483133333,0.047587327
24047,1778263.316,1880783.857,68,10.22,23.66666667,11.25266667,2.643733333,0.039584709
45069,1477747.456,1409462.874,111,25.05333333,31.22,12.71,1.441866667,0.019776288
51075,1569406.987,1781445.46,60,7.006666667,22.2,11.478,2.084866667,0.064823311
51135,1569996.505,1715378.669,79,18.91333333,30.18666667,11.32,1.9602,0.058551801
54031,1462694.697,1908032.105,59,13.50666667,29.97333333,10.206,1.935066667,0.090330269
37143,1730519.803,1640428.514,61,17.11333333,26.19333333,10.14466667,1.243466667,0.02090575
45045,1231184.545,1403328.199,63,12.87333333,23.2,12.33666667,1.697266667,0.035648661
13087,1086388.993,932261.3744,87,24.13333333,26.85333333,11.91733333,0.6314,0.009050791
13205,1118028.341,975040.5711,79,25.48,28.46,12.46266667,0.745933333,0.008809128
13235,1171003.423,1094923.931,66,19.76,28.52666667,12.42933333,0.813333333,0.025316279
54027,1476981.123,1945927.229,77,15.80666667,30.44666667,10.56866667,2.5572,0.103569945
54055,1300125.813,1698264.065,82,20.34666667,30.86,9.208666667,1.259333333,0.032377277
54063,1345865.977,1723197.083,72,15.92666667,28.76666667,9.285333333,1.546933333,0.031847434
54067,1311268.885,1800627.417,82,19.15333333,29.52,9.838,1.2936,0.074269695
54079,1212726.84,1809882.281,73,9.846666667,25.23333333,11.83666667,3.134333333,0.271460418
51193,1656055.089,1843192.977,81,14.44,27.42,11.804,2.3918,0.113077794
51005,1388452.804,1756142.049,76,11.42666667,26.75333333,9.616,1.575733333,0.030462425
34013,1804735.869,2182643.518,55,14.73333333,21.47333333,11.86933333,10.5624,0.046986706
13033,1294398.008,1205638.256,81,25.21333333,27.76666667,11.84,1.0434,0.026772439
51001,1763272.516,1826266.62,89,17.81333333,26.00666667,10.694,2.126,0.033603465
13031,1329138.939,1135899.882,67,23.32666667,22.45333333,11.72133333,0.881133333,0.014463077
13165,1302225.403,1176479.14,80,26.43333333,27.55333333,11.828,0.768333333,0.021431232
37101,1576397.465,1531400.34,75,13.52666667,25.89333333,13.13266667,2.077133333,0.018123846
51105,1135752.782,1594803.167,98,23.91333333,30,10.47066667,1.666066667,0.063224455
36103,1916558.965,2219152.491,60,6.493333333,21.82666667,10.46666667,5.666066667,0.023758802
51019,1439176.423,1711113.406,61,7.98,25.4,10.64733333,1.9292,0.040129713
51047,1549846.101,1864900.94,69,9.38,24.64666667,11.658,2.259266667,0.068956104
13103,1366794.276,1138324.102,81,10.22,25.72,11.286,0.987066667,0.014068462
54083,1381105.214,1867124.342,64,18.00666667,28.47333333,9.473333333,1.143666667,0.08417722
51085,1604974.703,1792754.047,69,4.873333333,21.92,11.78133333,2.726933333,0.084289716
51069,1508841.421,1939047.688,72,7.12,25.38,11.472,2.8908,0.083405897
51195,1175972.341,1630930.847,102,20.78,30.29333333,9.794666667,2.1212,0.055951526
24017,1631028.737,1883315.978,70,6.526666667,21.62,12.286,3.227333333,0.126469912
36031,1757119.24,2553752.167,63,12.54666667,22.38,7.366,1.0304,0.001890423
51145,1573084.275,1762556.11,68,5.98,24.41333333,11.46666667,2.052466667,0.069999768
51760,1611344.221,1767745.306,84,21.63333333,24.86,12.282,3.314333333,0.086532211
36099,1549405.809,2355026.711,63,12.32,26.28666667,9.496666667,1.980933333,0.034136129
13045,1004456.194,1226100.569,77,15.37333333,26.64666667,12.57666667,1.8114,0.186850758
51073,1694092.154,1771191.17,84,9.066666667,25.02666667,11.782,1.877066667,0.063584232
13059,1155637.238,1286419.257,61,26.07333333,19.08666667,12.91666667,1.7166,0.069270951
51083,1500908.066,1659731.3,71,17.28,27.89333333,11.26266667,1.963,0.105735036
13061,1039034.904,1010413.014,66,30.28666667,26.92,11.95466667,0.6786,0.012870123
42125,1323351.94,2018108.583,70,10.11333333,26.47333333,13.104,4.348266667,0.420846544
45055,1400663.565,1366623.446,79,13.8,27.02666667,12.73333333,1.365133333,0.036224219
34009,1800201.815,1993222.583,71,9.826666667,25.06,12.22666667,2.242533333,0.039603257
54081,1281918.487,1736878.053,79,17.97333333,30.80666667,9.546666667,1.510933333,0.053551753
13073,1262487.034,1255436.349,63,7.14,20.92666667,12.438,1.550733333,0.033392771
13091,1200452.766,1092122.291,81,21.46,27.88666667,12.30533333,0.786866667,0.020215714
54053,1198413.316,1837359.461,93,18.16,31.96666667,12.19533333,3.346466667,0.328547367
37075,1093298.55,1436078.013,67,18.91333333,29.88,10.6,0.8758,0.044359369
42051,1378511.3,1996883.489,71,17.74,28.8,12.122,3.289533333,0.363875318
51041,1605034.702,1749188.255,64,6.053333333,21.03333333,11.846,2.791733333,0.08104605
51139,1502186.462,1871116.694,66,12.76666667,29.88,10.93133333,1.3806,0.052210197
51161,1393012.024,1697984.566,54,6.186666667,21.98,10.02266667,2.14,0.035611585
13099,1049875.392,977774.6751,76,27.16,26.52,12.31,0.650466667,0.011437491
51155,1340728.098,1665907.142,74,13.79333333,29.42,9.498666667,1.443733333,0.03471435
54073,1261607.333,1915191.247,81,13.41333333,31.09333333,12.59733333,3.822,0.309699136
51171,1489940.523,1896026.698,68,9.493333333,26.19333333,10.92333333,1.608,0.067379625
37167,1413285.618,1479056.188,70,13.29333333,26.78,12.71933333,2.1168,0.049407271
51185,1265973.084,1661117.007,85,16.86,29.04,9.216666667,1.150133333,0.033583226
13187,1089047.823,1347799.341,72,14.44666667,25.31333333,12.28666667,1.1558,0.054792182
13147,1186214.801,1335649.717,64,17.22666667,26.82666667,12.77933333,1.248866667,0.027080393
54107,1234436.881,1892845.955,77,15.5,30.1,12.86466667,4.1584,0.334966519
54041,1323938.678,1882650.824,87,18.65333333,30.56666667,11.062,2.1718,0.135115377
51175,1660955.711,1685061.662,73,14.96666667,26.34666667,11.58933333,1.6544,0.048127204
13027,1181516.343,940200.0498,76,23.58666667,26.68,11.74533333,0.6898,0.007454007
13127,1367612.98,1010378.056,75,16.02,24.20666667,10.648,0.675533333,0.016681435
13153,1150012.808,1117688.327,70,12.15333333,24.45333333,12.38533333,0.939,0.047824388
13181,1241432.538,1280516.511,76,18.13333333,27.74666667,12.44933333,1.265266667,0.034317774
54005,1237814.756,1758586.578,117,19.40666667,33.33333333,10.39666667,2.077866667,0.114510997
54035,1227296.869,1849010.747,79,15.84666667,28.86666667,12.198,3.2112,0.307647429
24023,1417357.194,1959178.546,49,13.27333333,22.78666667,10.73266667,2.2226,0.208542187
13207,1118726.876,1176047.921,62,12.60666667,25.11333333,12.358,1.692866667,0.136457909
13219,1151027.256,1272737.377,50,7.32,17.78666667,12.76333333,1.8114,0.088119263
13221,1182710.86,1282146.612,68,14.14666667,26.14666667,12.57066667,1.296066667,0.06162576
13319,1190786.057,1161735.547,71,18.15333333,26.35333333,12.34666667,1.0366,0.076514197
54023,1432264.469,1913616.709,51,15.18666667,28.70666667,10.108,1.8462,0.127781155
54093,1400892.182,1909096.143,64,16.08,27.87333333,9.789333333,1.548333333,0.151042948
36059,1859870.436,2189947.365,47,5.726666667,18.82,11.05133333,13.0592,0.034188713
36075,1588690.728,2436988.083,79,14.70666667,28.18,9.054,2.1862,0.014027634
13259,1046643.494,1062076.282,71,28.12,27.22,12.11466667,0.7876,0.01841575
37073,1702334.911,1662006.436,71,15.38666667,25.74,10.83866667,1.512466667,0.035770505
51199,1696239.433,1752034.183,68,4.8,18.16,12.08266667,2.2666,0.064840601
36079,1828676.407,2261806.233,61,5,19.14,9.526,3.034666667,0.027107157
51820,1477903.628,1803796.554,63,13.74666667,25.95333333,10.62266667,1.556733333,0.03125429
36063,1387460.155,2371359.136,72,12.09333333,27.27333333,10.92933333,3.77,0.051687158
13007,1093091.067,983304.1776,63,24.60666667,26.10666667,12.48733333,0.764533333,0.009830176
24021,1575637.407,1982508.773,55,5.346666667,19.72666667,13.25266667,3.657733333,0.108542513
36089,1647135.996,2571722.277,77,16.67333333,25.84,7.974666667,0.986066667,0.00309673
13271,1225504.006,1068331.624,73,28.98666667,28.64666667,12.23133333,0.654,0.011615129
13229,1302309.007,1014963.543,92,18.44666667,28.42,11.52666667,0.6454,0.010584248
45041,1486637.477,1345492.052,77,18.07333333,26.13333333,11.896,1.3086,0.035607105
37125,1481683.846,1490671.681,61,12.48,23.59333333,12.69466667,1.642733333,0.025624934
42065,1408466.268,2139659.345,58,13.13333333,27.06666667,11.41466667,2.764733333,0.210871695
34027,1778629.855,2185127.613,49,4.006666667,16.96,10.40866667,6.314666667,0.052155983
37019,1617731.315,1374464.226,68,14.13333333,29.45333333,9.852666667,0.791066667,0.019846569
37083,1623563.726,1624783.652,71,24.41333333,27.96,12.17866667,1.655333333,0.027546562
13075,1191026.254,976480.7218,81,21.28,28.88,12.46533333,0.680466667,0.007717036
45029,1420276.636,1202878.044,81,21.50666667,27.52,10.67533333,1.0124,0.032097859
45043,1531529.213,1286308.015,64,17.56,26.1,9.911333333,1.066133333,0.04238067
37033,1473661.73,1612333.892,73,16.92,29.27333333,11.45733333,2.2072,0.114894069
37049,1697494.859,1510019.832,72,14.31333333,24.64,9.945333333,1.350933333,0.009910888
13211,1149571.168,1245032.103,60,13.48666667,23.52666667,12.62866667,1.632733333,0.128666985
42101,1751441.689,2080937.922,80,22.82,29.42,13.31,6.893,0.058032971
36085,1817579.991,2161994.379,58,10.34666667,23.70666667,11.70666667,9.3702,0.032904442
34003,1814401.264,2204752.455,48,5.886666667,18.34,11.37533333,9.018333333,0.04112128
36011,1567737.518,2374439.526,61,12.3,27.77333333,9.520666667,2.130266667,0.027034536
37145,1505394.763,1617645.776,74,13.60666667,27.37333333,11.62533333,2.132466667,0.104696358
51007,1572483.12,1737932.54,82,10.14666667,28.56666667,11.296,1.994733333,0.064431327
51660,1472787.865,1845021.532,51,24.03333333,20.66666667,11.05466667,1.5598,0.04264868
54097,1348482.639,1875559.148,74,19.86,28.52666667,10.222,1.7296,0.106872143
36025,1711335.093,2323192.08,57,14.04666667,25.22,8.61,1.116,0.015069066
34017,1819905.966,2180131.941,53,15.05333333,22.00666667,12.13533333,10.94493333,0.044451956
13305,1326934.884,1040349.836,83,20.16,27.84666667,11.46266667,0.695666667,0.010446505
34029,1824854.704,2083480.234,65,8.42,24.91333333,11.718,3.2172,0.037615359
51181,1670078.514,1731435.217,66,11.72,25.02,11.464,2.4372,0.068553031
51191,1237850.245,1611510.929,72,12.75333333,26.56,9.882,1.6892,0.041376635
37043,1104919.49,1404573.347,57,15.26,26.17333333,10.86866667,0.783466667,0.033007594
36077,1695430.803,2369555.448,59,13.91333333,23.34666667,8.384666667,1.2666,0.010474389
42089,1709056.974,2192003.055,69,9.773333333,24.96666667,9.652,2.6352,0.060264661
36041,1712275.97,2490987.62,73,10.17333333,22.35333333,7.322666667,0.886666667,0.003557744
37147,1662198.209,1556593.377,63,20.43333333,23.14,12.17,1.583533333,0.013127509
13019,1208146.786,992422.7947,88,19.59333333,29.06666667,12.24733333,0.6612,0.007774275
36071,1784395.906,2248556.365,64,10.91333333,23.10666667,9.442,2.7786,0.031406659
36001,1780443.169,2385249.289,64,11.42666667,21.46,8.835333333,2.475333333,0.007572167
13303,1222799.465,1184983.217,73,22.82,27.57333333,12.23533333,1.018133333,0.065402509
51113,1523847.656,1851669.482,57,10.34666667,24.45333333,11.29333333,1.636866667,0.047605457
51187,1519532.581,1907327.622,80,9.506666667,26.86666667,11.37266667,1.966666667,0.07172545
37065,1635788.182,1587878.711,72,22.82666667,28.27333333,12.63733333,1.6888,0.018609596
13051,1392412.033,1101415.414,65,17.26,24.16666667,11.10933333,1.0518,0.009944617
51053,1607599.901,1715108.814,78,10.75333333,28.22,11.47733333,2.143133333,0.064553301
13043,1298399.5,1132052.351,77,23.82,27.38,12.06666667,0.7762,0.015079075
51009,1466190.928,1748958.493,74,11.94666667,27.19333333,10.70066667,1.6734,0.029867792
51770,1402346.68,1700671.94,82,17.51333333,28.96,10.36,2.145066667,0.035279193
37179,1394272.731,1439225.335,60,9.286666667,22.08666667,12.874,2.0826,0.04897361
37189,1269211.479,1560293.27,47,18.84666667,20.79333333,9.731333333,1.244933333,0.042434137
51157,1528372.041,1883439.688,56,8.286666667,21.96,11.38333333,1.718133333,0.063077793
54085,1273217.53,1895127.718,80,17.58,31.44,12.086,3.053266667,0.24868401
51013,1613596.309,1922262.73,43,6.766666667,13.98,13.568,5.005933333,0.144993707
13285,1016197.213,1165749.052,74,17.27333333,26.14,12.26266667,1.258666667,0.097151262
13039,1360362.387,975480.8504,72,11.96,25.05333333,10.468,0.752133333,0.027253299
36019,1748150.048,2623675.29,69,13.74666667,23.7,7.742,1.1768,0.001208892
45011,1342753.031,1236098.031,73,21.40666667,27.20666667,11.50266667,1.095666667,0.027567092
45057,1384086.392,1403329.781,68,15.94666667,29.13333333,12.678,1.591466667,0.041551825
37011,1251796.433,1540204.588,66,17.58,26.47333333,9.703333333,1.1974,0.041331988
24001,1463675.83,1978141.473,64,15.16,26.38,11.03733333,2.706333333,0.140489244
37165,1490869.031,1438927.834,79,23.49333333,28.08666667,12.85466667,1.426133333,0.01773952
42073,1301449.84,2105533.834,62,13.28,27.28666667,12.96466667,4.101933333,0.218065512
42039,1307257.316,2185193.456,66,14.26,27.56666667,11.51466667,2.923066667,0.097478561
42015,1596515.267,2251514.685,65,12.86,26.88,9.106666667,1.471466667,0.053094296
13035,1111388.857,1205843.94,91,14.74,29.11333333,12.38133333,2.014466667,0.160238001
13001,1288990.75,1057012.927,77,19.44,27.43333333,12.026,0.7092,0.008886769
36107,1604638.584,2296816.053,61,9.806666667,23.31333333,9.08,1.734533333,0.034471747
37121,1231540.194,1530025.882,72,15.86,27.71333333,9.962,1.087666667,0.042747608
45001,1233904.427,1327933.576,70,16.4,26.92666667,12.66666667,1.252533333,0.02427076
54095,1283161.73,1929358.59,86,16.5,30.61333333,12.554,3.479333333,0.298923313
51800,1701943.473,1690601.23,74,11.63333333,23.46666667,10.886,1.933466667,0.049455466
45023,1343252.819,1397436.613,81,18.55333333,30.46666667,12.39533333,1.4288,0.04506228
13317,1214993.687,1275513.359,76,19.96666667,28.10666667,12.48133333,1.184533333,0.048553454
13155,1198918.04,1027877.281,77,21.77333333,29.3,12.55666667,0.678866667,0.009601194
36045,1590775.698,2508226.523,72,14.85333333,26,8.586,1.803866667,0.007207704
34001,1803710.599,2031834.035,69,10.92666667,25.98666667,11.76333333,3.114133333,0.040341525
42017,1745633.551,2117385.439,60,5.286666667,21.84,11.75133333,5.077333333,0.062835561
37037,1494044.085,1537413.373,51,10.59333333,21.08666667,12.54733333,2.254,0.040195966
37097,1349138.009,1524687.672,65,10.98666667,25.21333333,12.08733333,2.315333333,0.097859031
42061,1506866.668,2076919.913,61,12.58666667,26.34,10.99733333,2.758066667,0.114331818
37017,1577416.075,1428761.544,70,21.81333333,27.52,11.878,1.133066667,0.019236577
13025,1326661.912,1000420.533,99,18.22666667,30.06,11.04466667,0.677133333,0.015539183
13315,1178880.849,1066819.615,74,27.22666667,28.12,12.58733333,0.729133333,0.015056365
51700,1702968.965,1737731.396,68,13.80666667,24.94666667,12.11533333,2.6156,0.050765587
51091,1415121.011,1826079.888,56,12.74666667,25.20666667,9.149333333,1.113466667,0.041548653
51810,1752695.578,1705589.886,63,7.513333333,22.45333333,10.156,2.119733333,0.03788188
51165,1471173.589,1853131.421,51,8.92,23.8,10.72066667,1.485933333,0.049190178
13183,1339648.617,1064862.147,84,20.88666667,27.95333333,11.35,0.814733333,0.009522017
13231,1074360.616,1179283.593,85,11.23333333,25.39333333,12.31266667,1.468933333,0.127035045
13113,1060350.192,1213666.982,48,5.18,18.26,12.96466667,2.4054,0.163848439
13005,1276775.865,1033243.564,97,20.66,29.77333333,11.92533333,0.6524,0.008562619
37183,1545650.8,1556677.834,53,9.106666667,17.72666667,12.79,2.105933333,0.031941021
45071,1310463.886,1346837.147,69,16.20666667,27.22,12.446,1.220533333,0.024817823
13071,1158669.438,976083.7313,80,22.59333333,27.98,12.49333333,0.695,0.008105214
13199,1047465.29,1170294.889,66,19.15333333,28.18666667,12.24066667,1.247066667,0.109732141
24025,1663852.67,2010730.911,64,6.066666667,21.71333333,13.44133333,4.541066667,0.119126544
51051,1197155.374,1651004.36,91,20.36,31.32666667,9.614,1.8648,0.05338612
34035,1780207.58,2151254.925,47,4.273333333,15.79333333,11.512,6.028333333,0.056940368
36113,1765770.902,2492083.498,63,10.66,24.27333333,7.889333333,1.2494,0.002861461
42107,1645709.504,2137970.773,67,11.43333333,28.67333333,10.458,3.339333333,0.106499101
42041,1571533.317,2060710.058,52,6.646666667,20.99333333,12.386,3.9012,0.107308048
54071,1427489.357,1864438.437,46,13.79333333,27.12666667,9.411333333,1.290066667,0.068158849
51021,1303204.702,1667921.155,71,12.98666667,28.03333333,9.201333333,1.154,0.028963157
24043,1538083.918,1990247.173,66,10.17333333,25.11333333,12.51466667,3.615933333,0.096786915
13079,1116766.6,1142102.125,75,16.65333333,27.51333333,12.22533333,1.2422,0.082118091
54025,1347254.648,1767353.557,80,17.39333333,28.57333333,9.438,1.296133333,0.040138342
42045,1731682.361,2066067.558,67,9.146666667,24.60666667,13.42733333,6.200533333,0.061369367
13273,1087754.095,1033206.976,85,27.55333333,27.72,12.16266667,0.795333333,0.01352705
42127,1697727.853,2257139.2,64,11.91333333,26.90666667,8.940666667,1.246066667,0.031406852
51031,1478293.438,1705612.137,68,11.79333333,26.74,10.88533333,1.837933333,0.051762803
13129,1011067.176,1330535.353,90,14.01333333,28.56666667,13.30933333,2.062133333,0.157855786
51121,1367109.715,1682899.993,55,17.4,19.98,9.554,1.964066667,0.036665624
51029,1519909.161,1754957.03,69,18.9,28.81333333,11.11733333,1.6644,0.037051356
37055,1798253.644,1604192.673,67,9.18,25.10666667,8.216666667,1.1462,0.008347594
13137,1130864.957,1359803.544,60,13.65333333,25.58666667,12.17,1.1376,0.030868917
54043,1204390.574,1770898.492,108,23.90666667,33.2,10.938,2.4316,0.171496282
42033,1454142.899,2133464.921,61,13.96666667,27.39333333,10.77533333,2.168066667,0.175473521
36105,1739211.263,2274248.013,71,15.28,25.80666667,8.680666667,1.484133333,0.023338405
42111,1429094.609,2011809.21,49,12.92666667,27.22,11.344,2.639533333,0.257661742
51023,1409669.854,1733520.052,53,6.28,23.20666667,10.06533333,1.777333333,0.028794215
51109,1559975.42,1808855.188,76,10.14,26.84,11.40266667,2.0466,0.057913201
42055,1538800.032,2027269.531,55,8.533333333,24.38666667,12.33933333,3.279733333,0.095794648
13253,1058244.949,935725.1685,81,23.44666667,27.06,12.06266667,0.6452,0.010910305
37095,1763204.221,1568816.331,69,22.05333333,28.37333333,8.826666667,1.182133333,0.007774045
42103,1727250.264,2227452.264,58,8.246666667,25.24666667,8.897333333,1.825666667,0.041719105
13105,1201057.911,1311274.263,74,18.64666667,28.79333333,12.79066667,1.111533333,0.033088462
45007,1213040.652,1358418.683,70,13.92,26.8,12.72666667,1.501466667,0.024158228
36061,1827575.68,2186232.241,43,17.91333333,18.74,12.272,10.6904,0.042456716
36095,1743539.37,2375273.679,67,12.16666667,25.10666667,8.224666667,1.495333333,0.008576691
13301,1226878.056,1235056.745,84,23.9,28.78,12.29,1.332466667,0.062790517
13261,1106655.278,1065071.709,70,25.01333333,25.10666667,12.22466667,0.893733333,0.018143691
51045,1376536.195,1719306.873,63,10.04666667,25.97333333,9.652,1.887,0.030335087
13107,1274318.468,1149501.496,84,25.76,27.90666667,11.99266667,0.749666667,0.021429513
54015,1284743.833,1815780.539,103,24.78,32.10666667,10.682,2.301733333,0.122965278
42059,1331673.938,1981403.637,74,16.40666667,27.34666667,12.764,4.152733333,0.394057632
36081,1841804.183,2182258.761,39,14.54,20,12.01066667,14.68953333,0.037377968
36065,1648770.996,2428756.763,63,14.28,26.18666667,8.445333333,1.834,0.008933147
51079,1510291.406,1835864.464,61,8.126666667,24.67333333,11.17866667,1.533066667,0.038746902
54011,1185759.528,1795938.607,83,18.78666667,28.82666667,11.58866667,2.789466667,0.23816696
54061,1350699.787,1959197.776,61,17.48,22.56,12.19933333,3.297,0.326752058
51510,1616258.352,1915795.151,48,8.166666667,16.33333333,13.338,4.856866667,0.147191167
42063,1410676.886,2085864.825,53,15.92666667,24.21333333,11.798,3.693533333,0.339120644
24013,1604981.209,1998805.915,61,4.866666667,21.18666667,13.15266667,3.2682,0.127370906
54103,1301405.283,1948184.975,83,17.38666667,30.04666667,12.572,3.599866667,0.328060327
13299,1287458.284,978514.5473,78,21.82,28.40666667,11.30066667,0.639466667,0.01326026
54091,1356170.287,1926659.922,78,18.14,28.22666667,11.38066667,2.714933333,0.229157977
37103,1676368.487,1494220.466,70,17.85333333,27.88,10.46933333,1.345333333,0.011981824
45049,1378190.662,1186307.961,74,22.88,26.22666667,11.01733333,0.8428,0.023250973
51650,1717605.117,1735088.898,73,13.46,23.96,11.932,2.729333333,0.056447223
51095,1675785.756,1757564.59,48,6.693333333,18.48,11.70733333,2.332533333,0.074459277
42069,1678063.195,2228579.147,64,12.03333333,26.96,9.420666667,1.9836,0.04698714
42013,1475160.903,2078209.205,65,13.15333333,26.76666667,11.01933333,2.9708,0.174829692
13257,1153423.385,1354138.051,83,17.77333333,27.32666667,12.522,1.286733333,0.027933233
37047,1576210.284,1388925.415,80,22.56,29.26666667,11.02666667,0.963466667,0.020479309
37071,1330908.701,1463722.596,82,14.53333333,28.59333333,12.63066667,2.612666667,0.104389145
45025,1433973.062,1406304.158,81,20.36666667,29.28666667,12.806,1.384066667,0.027277384
36111,1775867.93,2302403.31,61,11.6,23.75333333,9.09,2.032466667,0.017977323
37021,1205489.367,1480787.544,62,14.03333333,25.36,10.22,1.417466667,0.046396954
37015,1686744.852,1615496.926,70,23.18,26.56,11.17933333,1.533866667,0.019561572
34031,1794089.083,2208556.382,52,13.49333333,21.47333333,10.50133333,5.992066667,0.042913013
45017,1395339.658,1290613.603,53,16.70666667,24.62666667,11.85933333,1.471933333,0.047343003
36087,1813564.819,2226668.669,44,10.77333333,18.28,10.42866667,5.0918,0.036711558
51057,1647038.652,1822048.171,74,13,25.64666667,11.38933333,2.438,0.103948363
37135,1498854.676,1579049.044,58,13.19333333,17.04666667,12.08933333,1.981266667,0.072613316
34037,1759786.533,2212712.261,63,4.686666667,21.71333333,9.342666667,3.157,0.045925872
13123,1046569.812,1355924.329,63,15.96666667,28.58,12.278,1.247066667,0.092880033
13295,969740.2733,1351864.506,95,15.14666667,29.5,12.974,2.117466667,0.120574462
45047,1265105.223,1324705.806,65,16.17333333,26.52666667,12.34666667,1.125133333,0.022022008
51097,1656798.071,1798464.495,76,12.48666667,27.42666667,11.33266667,2.389266667,0.090404004
42099,1566640.722,2086593.725,70,8.56,25.40666667,11.64533333,3.324266667,0.113054116
13047,982225.8689,1372225.108,73,11.64,27.54666667,13.1,2.697666667,0.097585145
37099,1156077.938,1437274.96,58,17.27333333,25.83333333,10.082,0.866,0.028709487
13209,1259366.381,1100453.583,87,22.35333333,24.56666667,12.062,0.6928,0.013618591
13237,1164434.823,1216682.797,67,15.64,24.84,12.45666667,1.533333333,0.148870224
51163,1436054.549,1767464.309,61,10.61333333,24.94666667,9.969333333,1.712733333,0.028223625
37137,1729079.643,1519154.323,64,16.42666667,26.17333333,8.904666667,1.135466667,0.007762193
13197,1071814.999,1095905.649,64,22.07333333,29.11333333,12.17733333,0.763733333,0.031503506
34025,1820299.025,2125684.596,61,6.18,20.81333333,11.73533333,5.0214,0.044226238
13217,1117382.249,1236773.733,75,12.46666667,25.47333333,12.752,2.468133333,0.144379531
13249,1092478.705,1088370.428,77,17.74666667,27.5,12.15666667,0.828933333,0.027058017
51143,1459738.423,1658545.822,72,12.98,28.16,11.10733333,1.933733333,0.102060102
51167,1222483.585,1632905.456,83,18.16666667,29.48666667,9.679333333,1.765666667,0.04744314
13287,1164606.542,1036137.608,75,26.06666667,28.28666667,12.63,0.7356,0.011126866
54105,1249192.815,1873699.746,91,18.85333333,30.52666667,12.25533333,2.759333333,0.27650887
51025,1594645.856,1677031.064,74,20.12,28.42666667,11.48533333,1.5654,0.049614259
51093,1690124.337,1710628.896,70,9.013333333,22.83333333,11.3,2.228533333,0.058830963
24035,1699831.3,1961649.538,67,6.633333333,21.7,13.27066667,4.305866667,0.096557021
13125,1235765.269,1216094.351,70,16.13333333,28.77333333,12.21333333,1.259333333,0.059530334
42091,1727248.17,2098844.026,53,5.426666667,20.43333333,12.528,5.060933333,0.063949792
37025,1385195.632,1483013.976,66,10.22666667,24.38,12.91733333,2.677466667,0.078309834
42011,1676333.766,2111342.483,57,10.77333333,24.4,11.80733333,4.2978,0.086217084
45015,1479695.44,1250590.851,73,12.89333333,26.22666667,10.42333333,1.198666667,0.049416007
54049,1336346.909,1943122.147,80,16.3,26.5,12.28733333,3.2686,0.288285121
51087,1617200.64,1769762.462,64,8.18,20.61333333,12.01866667,3.250133333,0.08572237
36119,1835028.388,2232826.671,46,8.546666667,18.12666667,10.35333333,5.469333333,0.032412807
13185,1211163.789,943251.3662,79,20.2,24.98,11.708,0.710666667,0.007496417
