"FIPS","1998","1999","2000","2001","2002","2003","2004","2005","2006","2007","2008","2009","2010","2011","2012"
13111,29.3,29.7,28.9,30,29.9,29.5,28.3,27.9,26.8,26.3,26.1,26.8,26.2,27,26.3
42115,26.5,26.7,27.1,27.9,28.2,28.1,27.9,27.7,27,27.5,27.3,26.6,26.1,25.3,24.6
42075,26.9,26.8,27.1,27.2,27.9,26.2,26,25.7,25.2,24.1,23.7,23.1,22.7,23.6,22.9
51683,23.2,23.6,23.8,22.8,23.4,23.7,23.3,22.7,23.6,23.5,22.4,22.4,21.9,21.8,21.4
36057,28.7,28.7,28.5,28.1,28.5,28.6,28.1,28,27.8,27.6,26.7,25.5,25.5,24,23.4
13149,30.9,31.2,30.2,31.4,30.8,31,30.2,29.5,29.9,29.8,29.4,30.6,30.1,29.5,28.7
37153,31.1,30.9,30.9,30.7,31.3,30.5,30.1,29.8,29.2,28.6,30,29,27.4,26.7,26
51735,24.1,23.8,23.3,22.4,22,21.7,21.8,20.8,20.7,20.6,20,18.9,19.9,19.4,19.1
37003,29.8,29.3,29.5,29,28.5,28.3,28,27.6,27.9,27.4,26.9,26.5,26.1,26.2,25.6
37063,22.4,21.9,21.8,20.9,21.4,21,19.9,19.2,19.2,18.1,17.8,17.9,17.7,17.5,17
36093,25.9,25.9,25.5,25.3,25.1,25,24.4,23.8,23.6,23.4,23.1,22.6,22.4,20.7,20.1
51590,30.9,30.7,31,30.6,31.7,31.4,31.9,31.2,30.3,29.2,28.4,27.5,26.3,27.5,27.1
51600,17.7,17.8,18.2,16.9,17,17.1,16.6,15.5,15.4,14.6,13.7,13.7,13.5,13.1,12.9
51530,32.6,32.7,32.5,32.8,32.2,30.7,29.7,30.2,29.9,30.9,31.2,32.7,33.7,32,31.7
37181,30.5,30,29.3,28.8,29,29,29.9,29.9,30,29.8,31.1,30,29.5,29.4,28.7
13003,29.6,30,28.9,29.5,29,28.8,28.2,27.7,27.8,27.5,27.5,27.2,27.7,27.8,27.1
51081,27.9,28.4,27.8,27.9,27.3,28.3,28.8,28.6,28.8,29.8,29.9,28.6,28.1,28.2,27.9
36015,26.9,27.5,27.7,28,28.6,28,27.2,26.5,26.1,26.6,25.5,24.7,24,22.5,21.9
51790,28.9,28.7,28.2,28,27.4,27,26.8,25.8,24.4,23.5,22.2,21.9,20.4,21.5,21.1
37157,32.1,31.5,32.2,33.1,33.7,33.9,33.5,33.4,31.5,30.1,29.3,28.3,27.6,28.5,27.8
13119,28.4,29.1,28.2,29.1,28.9,29.3,28,28,27.7,27.3,26.6,26.1,25.5,25.6,24.9
42001,25.9,26.3,25.8,26.5,26.9,26.1,25.2,25.2,24,22.7,22.5,22.7,21.4,22.1,21.5
51540,24,24.8,25.7,26.9,25.1,26.3,24.6,22.6,20.6,22.3,22.1,21.8,21.2,20,19.8
24510,29.4,28.8,28.4,30.4,31.3,30.8,30.2,30.5,29.5,29.2,28.1,27.5,27.1,27.2,26.5
42105,28.4,28.1,28,28,28.4,27.8,27.4,27.3,26.7,26.5,26.8,26,25.4,25.4,24.8
13173,28.8,29.1,28.2,29.6,29.1,29.3,28.6,28.9,29,29.4,29.3,27.8,27.2,27,26.4
13169,26.1,26.1,25.2,26.5,25.9,25.9,25.3,25.5,24.3,24.4,24.4,24.1,23,23.1,22.5
36109,18,17.7,17.3,17.7,17.7,17.4,17.4,16.9,16.6,16.3,15.4,14.4,14.2,13.3,12.9
36053,25.2,25.5,25.7,26.1,27,26.7,27.1,26.6,25.4,25.2,25,23.1,22.7,20.8,20.3
37007,29.4,29.6,29.4,29.6,29.5,29.6,29.2,28.3,28.1,28.2,27.3,27.2,27,26.9,26.3
37195,27.5,27.8,28.3,28.1,27.6,26,25.5,25.1,23.8,23.4,24.3,23.7,24.1,25.4,24.8
54077,27.6,28.3,28.7,29.1,30,29.9,28.1,28.3,28.5,27.8,28.2,28.9,28.1,29.6,28.8
51089,30,30.4,30.2,30.6,31.9,32.2,32.1,31.8,30.8,30.9,30.1,29,27.5,27.6,27.2
51099,24.3,24.6,24.7,24.2,24,23.5,22.8,21.6,20.9,20.1,19,18.9,18.4,18.6,18.3
42047,28.3,29.2,29.7,29.9,30,28.3,27.1,26.4,26.2,26.3,26.1,26.9,27.1,26.5,25.8
42053,28.7,29.5,29.9,30.5,32.4,30.9,30.2,29.4,28.4,28.6,29.8,30,30.6,30.9,30.2
13247,25.4,26,24.4,24.3,24,23.3,22.3,22.2,21.7,20.9,20.8,20.2,19.9,20.9,20.3
42079,29.7,30.4,30.3,30.2,31,30.6,30.3,29.3,28.9,28.5,28.5,27.7,27.8,25.1,24.4
36005,25.7,25.4,25.1,23.6,23.8,24.2,24.2,23.9,24.1,23.2,22.4,21.2,20.9,20.8,20.3
42113,27.4,27.7,27.2,28.1,28.9,28.4,28.2,28.2,27.6,26.9,27,26.1,25.1,24.3,23.7
42021,28.9,29.4,29.5,29.1,29.3,29.2,28.4,26.7,26.4,26.2,25.4,24.3,24.4,23.8,23.2
45037,26.9,26.8,27.4,27.5,26.7,27,26.6,26.1,26.6,26.7,25.9,24.5,25,23.9,23
42037,27.5,27.3,27,28.1,28.2,26.4,26,25.6,25.4,25.2,25.5,24.7,24.2,23.1,22.5
51003,17.5,18.1,19.1,19.4,18.5,18.4,17.5,16.2,15.5,15.1,15,14.6,14.2,14.5,14.3
37151,31.3,31.2,31.2,31.2,31.1,29.6,29,29.2,28,27.2,26.7,26.1,25.6,27.2,26.6
36021,25.5,25.5,25.5,25.8,25.6,25.4,24.8,24.1,22.9,22.6,21.6,21.3,21.3,20.7,20.1
34023,21,21.1,21,21.1,21.4,20.9,19.9,19.2,18.4,17.5,16.7,15.9,15.7,15.7,15.2
13175,28,28,26.3,27.2,26.6,26.3,25.9,26.3,25.8,25.1,25.1,24.3,23.8,25.6,24.9
13133,26.4,26.5,25.3,25.9,26.1,25.8,25.3,25.5,25.3,24.9,25.2,24.6,23.9,24.2,23.6
13017,29.2,29.6,28.4,29.2,29.3,29.4,28.9,28.8,29.4,28.3,28.7,27.2,28.2,28.2,27.5
13277,26.8,27,25.7,26.7,26.5,27.6,26.4,26.1,26,26.1,25,25.6,25.9,26,25.3
13065,30.5,31,29.5,30.6,30.1,30.2,29.4,29.8,29.6,29.4,27.9,28.2,26.7,27.1,26.5
51570,30,28.6,28,28.7,28.6,28.6,28.8,29,28.3,28.5,28.8,27.9,27.6,27.5,27.1
37081,26.4,25.8,25.3,25,24.6,23.9,23.5,23.5,22.7,22.1,22.4,22,21,20.7,20.1
51640,34.9,34.8,34.2,33.9,33.4,33.8,32.8,32.6,32.2,31.4,29.5,28.3,28.7,26.8,26.4
51670,31.4,31.1,30.4,30.4,31.7,32.7,33.9,35.1,34.6,34.4,34.8,33.5,31.4,30.5,30
13023,28.2,28.6,27.4,29.1,28.7,29,29,29.1,28.1,28.4,29.3,27,25.7,25.8,25.1
13029,25.5,26.5,25.5,26.2,25.6,26,24.1,24.6,23.8,23,21.8,22.2,20.7,20.7,20
13109,28.8,29.7,29,30.3,29.6,30.1,28.9,29.2,28.8,28.3,28.2,28.3,26.3,26.5,25.9
13171,28.5,29.2,28,29.1,29.1,29.5,29.1,29.4,28.7,29,27.7,26.5,26,26.7,26
13195,28.4,28.6,27.9,29.3,28.3,28.2,27.5,27.4,27,27,26.8,26.6,26.2,26.8,26.1
51720,32.6,31.9,32.7,31.4,31.6,32.3,31.4,31.7,31.1,31,30.5,31.1,30.1,29.6,29.2
51830,20.4,20.1,19,18.4,18.3,18.6,18.7,17.9,17.9,16.8,17,15,15.2,16,15.7
36043,26.5,26.8,26.8,26.4,26.6,26.8,26.5,26.2,25.7,25.4,24.6,23.5,22.3,21.6,21.1
36007,23.7,24.3,24.6,25.8,26.4,26.7,26.5,25.4,24,23.3,23.3,22.3,22,20.7,20.2
51750,24.3,23.7,23.9,23.5,23.5,23.7,22.8,22.2,21.6,22,21.6,22,23.4,21.8,21.5
54047,33.5,33.6,33.5,34.4,34.6,35.2,35,35.4,35.8,35.9,36.4,37.3,35.2,34.7,33.9
54033,29.1,29.4,29.7,29.5,29.3,29.7,28.9,27.4,27.3,27.2,27.3,26.6,26.3,26.5,25.8
54007,30.4,30.6,30.3,30.1,30.5,31.3,30.8,31.6,32.3,32.2,31.6,31.5,30,30.8,29.9
13021,25.5,26.4,25.1,26.3,26.2,26.6,26.5,26.8,25.8,25.7,25.2,24.5,23.5,23.4,22.8
51550,24,24,24.2,23.5,23.3,22,21.6,20.3,19.9,19.9,20,20.1,20,20.7,20.3
36049,27.1,27.7,27.9,27.3,28.6,28.4,28.3,27.8,27.8,26.7,26.8,26,25.1,23.3,22.7
37029,25.2,24.8,25,24.7,24,23.4,23.3,23.2,22.8,23,22.6,21.9,22.4,22.6,22
42007,29.9,29.4,29.7,29.7,29.3,29.1,28.8,27.1,26.6,25.9,24.3,24.2,24.5,26.1,25.4
13009,26.8,27.3,26.7,28.3,27.6,27.6,26.6,27,26.4,26.6,26.9,25.2,25,24.9,24.2
42025,29.3,29.1,29.1,29.6,30.1,30.4,30.5,30.7,30.2,30.6,29.9,29.7,28.8,27.2,26.5
13177,25.7,25.3,24.6,25.2,24.6,24.7,24.1,24.3,24.5,25,23.9,24.6,24.7,24.8,24.2
24011,27.5,27.8,27.6,26.4,26.8,25.9,26,25.1,25.2,24.3,24,23.5,24.3,24.5,23.9
13083,29,28.7,27.5,29,27.9,28.1,27.2,27.1,26.3,25.7,24.5,23.7,24.1,25.1,24.5
13131,30.5,30,28.3,28.7,27.9,27.6,27.1,26.4,26.2,25.8,26.8,26,25.2,25.3,24.6
54089,31.1,31.2,30.1,30.9,31.7,32.2,31,31.6,30.8,30,30.2,28.9,27.7,29.2,28.4
13143,30.9,31.4,30.3,30.8,30.4,31.1,30.7,30.9,31.2,30.7,30.8,29.7,28.9,28.3,27.6
13227,29,28.8,27.9,28.7,27.2,27.1,26.5,26.1,25.2,25.8,26.4,25.5,24.8,23.9,23.2
42109,27.1,27.5,27.8,27.9,27.9,27,26.5,26.1,25.9,25.4,24.1,22.9,22.3,22.9,22.3
51690,29.1,30,29.5,29.5,31.3,31.3,31.2,31.7,30,29.3,28.2,27,27.3,24.7,24.3
36017,26,26.3,26.5,27.5,28,27.9,27.9,27.5,26.3,26,26.1,24.9,24.6,23.2,22.6
13275,28.1,27.3,26.1,26.6,25.9,25.6,25.2,25.1,25.7,25.1,25.4,25.3,26.1,25.2,24.5
37041,26.2,26.1,26.2,26.8,26.7,26.4,26,26.4,25.8,25.6,25.5,26.6,25.4,25.5,24.9
37169,31.5,31.3,31.6,32.6,33,32.8,32.5,32,30.9,30.7,30.6,29.8,29.5,27.9,27.3
54069,26.2,27.2,28.2,29.2,29.9,31.3,29.9,28.9,29.1,29.3,28.1,27,27.9,27,26.3
51775,28.3,28.9,29.4,28.2,28.5,28,26.5,25.4,25.8,25.5,23.8,24.4,25.4,25.1,24.7
51630,26.9,27.2,27.3,26.7,26.4,26.9,26,25,25.5,24.8,23.8,22.5,20.9,18.9,18.6
13097,26.6,27.7,26.7,27.3,26.4,26,24.3,24.1,23.8,24.1,23.3,23.1,23.3,22.8,22.1
37069,27.8,27.5,27.2,26.5,26.9,26.9,26.4,26.1,26.2,25.5,25,24.9,25.1,24.9,24.3
13139,28.6,28.9,26.7,26.7,26,26.4,25.3,25.7,25.4,25,23.6,22.4,21.2,20.9,20.3
37149,24.1,24,23.9,24.4,24.5,25.2,24.9,25,23.9,23.5,22.1,23,22.3,23.6,23.1
13243,28.3,28.8,27.2,28.4,27.9,27.6,27.1,27.4,27,27,27.2,25.3,25.8,26,25.4
13283,29.9,30.2,28.5,29,28.7,28.8,28.6,29.3,29.9,29.9,28.6,29.4,28.1,28.8,28.1
37109,29,28.4,29.1,28.2,27.8,27.3,27.6,27.1,26.4,25.9,25.2,23.6,23.2,23.5,22.9
36035,29.2,29.1,28.2,27.4,28.1,29.2,28.7,28.9,29,28.2,26.9,26.1,25.8,24.8,24.2
36097,26,26.8,27.1,27.4,27.8,27.4,27,26.6,26.2,26.2,25.2,24.5,24.1,22.7,22.2
37077,29,28.3,27.9,26,26.7,27,27.7,27.8,28.7,28,27.8,25.9,25.8,25.6,25
51730,28.8,28.8,28.3,29.1,29.4,29.9,30.4,31.2,30.2,30,29.9,30.1,29.2,29,28.6
13101,30.6,30.5,29.2,29.4,28.5,29.1,28.4,29.3,29.6,29.5,28.7,28.2,26.7,25.9,25.2
42009,27.9,28.2,28.2,28.1,28.9,28.5,28.1,28,27.3,26.2,25.3,24.4,24.1,24.9,24.3
13189,27.8,28.5,27.4,28.9,28.3,28.7,28.4,29.3,28.9,29.6,30,28.6,27.5,26.6,25.9
13081,27.8,28.1,27.3,27.9,27,27.3,27,27.7,28.2,28.4,28.7,28.9,27.9,28,27.3
51710,28.1,27.9,26.8,26.2,25.7,25.3,25.1,25.1,24.8,25.2,25.9,25.1,23.9,23,22.7
51065,23.7,24,24.6,24.4,24.2,24.8,24.4,23.5,23,23,22.8,22,21.2,21.3,21
37001,28.9,28.7,29.1,28.8,29,27.6,27.8,27.4,26.8,25.3,25.7,25,24.8,25.4,24.7
13179,24.2,25.5,24.6,26.8,27.4,27.9,27.2,28.2,27.4,26.5,24.9,23.8,22.8,22.5,21.8
13239,29.7,30.1,29.2,30.1,29.4,28.9,28.5,28,27.5,27.3,28.7,28.5,29.1,29.1,28.3
51137,26.6,27.1,27.9,28.1,27.7,28.5,27.8,26.6,25.9,25.7,23.8,22.7,23,23.2,22.8
54017,31.7,31.3,31,30.9,30.8,31.2,31.2,31,32.1,32.5,33.5,31.6,31.8,31.6,30.7
13201,27.2,27.2,26.4,27.6,27.3,27.4,27.2,27,27.1,27.2,27.2,26.4,25.7,25.6,25
34011,29.7,29.3,29,29.2,29.7,29.6,29.4,29.4,28.8,27.6,26.9,26.1,25.5,26.1,25.4
13135,21.5,22.4,21,21.9,21.5,20.9,19.8,19.1,18.3,17.7,17.5,16.7,16.9,16.9,16.3
42019,25.6,25.4,25.1,25.2,24.9,24.6,24.2,23.2,22.9,22.6,21.8,21.5,21.3,21.6,21.1
36091,23.6,23.6,23.5,22.9,23.3,22.3,21.7,20.9,20.7,20.7,20.4,19.5,19.2,17.6,17.1
37107,28.2,28.2,28.1,27.7,27.9,28.6,27.7,27.8,27.6,27.3,26.6,26.1,26,26.6,25.9
13215,25.1,25.5,24.3,24.9,24.8,25.3,25.1,25.3,25.6,25.5,25.4,25.3,25.3,23.8,23.1
42077,24.8,24.8,25.5,26,26.6,26.3,25.4,24.8,23.9,23.8,23.1,22.9,22.8,22.1,21.5
13089,20.1,21,20.1,20.8,20.8,20.7,19.4,19.1,18.3,17.7,16.5,16.3,16.7,18.1,17.6
51183,28.4,29,28.1,28.3,28.1,28.6,28.5,28.7,28,27.6,27.2,26.7,26.4,27.7,27.4
51840,30.4,29.8,29.3,28.7,29.2,28.3,27.1,26.4,25.4,24.9,25,25.3,26,25.6,25.2
37093,28.6,28.6,28.7,29,30.3,30,29.4,29.1,27.9,26.5,25.3,24,23.2,23.7,23.2
42083,27.9,28.3,28.7,28.9,29.4,29.3,29,29.2,29.1,28.4,28.2,28.3,27.9,28,27.3
45061,28.7,29.1,29.6,30.8,30.8,30.9,30.8,30.8,29.4,29.2,28.6,27.7,27.5,28.2,27.2
45051,29.5,29.4,31.2,31.9,32.2,32.4,32,31.4,30.8,30.6,29.8,29,28.5,26.1,25
37031,27.3,27,27.4,28,29.4,30,28.7,28.6,27.5,26.2,25,25.5,24.4,24.1,23.5
45005,28.5,29,29.3,29.6,29.6,29.7,29.2,28.8,27.4,26.1,26.4,25.6,25.5,26.2,25.3
37039,29.2,29.2,29.4,29.1,29.8,29.2,28.3,28.4,28.1,27.5,27.1,26.5,26.6,25.9,25.3
36027,22.8,23.2,23.4,24,24.6,24.4,22.9,22.6,21.4,21,20.3,20.1,18.8,17.8,17.3
13223,27.1,28.6,27.8,28.3,27.1,26.8,25.7,25.9,25.9,26.1,25.7,24.1,23.4,22.9,22.2
13117,21.9,22.5,20.7,21,20.2,20.3,19.2,18.4,17.7,16.8,16.5,16.2,16,15.7,15.2
42131,26.2,26.3,26.3,27,27.5,27.4,27.5,27.1,26.1,26.1,25.9,25.5,24.5,24.2,23.5
54075,27.8,28.3,28.5,28.7,29.2,29.9,29.2,28.6,28.7,28.6,27.5,26.6,27.1,27.6,26.8
13053,22.6,22.5,21.4,21.8,21.4,21.3,21,21,20,19.5,18.9,19.5,19.6,19.7,19.2
54019,31.4,31.7,31.5,31.5,31.7,32.3,30.4,30.4,31.1,30.2,31.7,32.4,32.4,32.2,31.4
54101,30,30.6,30.6,30.8,30.9,32.7,31.9,32.5,33.1,33.6,31.2,31.4,31,31.5,30.8
37185,28.2,27.9,27,27.4,27.3,27.7,27.3,27.2,26.4,26.7,26.4,26.8,27.4,27.5,26.9
13191,27.4,27.7,27.1,28.5,28.8,29.1,29.4,29.7,29.4,28.5,26.9,26.7,25.6,26.5,25.9
13311,27.5,27.4,26.1,26.3,26.2,26.4,25.7,25.5,25.2,24.7,23.7,23.3,22,22.1,21.5
51153,22.1,22.4,22.4,21.4,21.4,21.4,21,20.4,20.6,20.2,19.6,19.2,18.9,18.7,18.3
37085,27.9,27.8,28,28.6,28.9,28.4,28.7,28.7,27.6,27.4,27,25.5,24.5,24.3,23.7
45067,29.9,30.1,31.2,31.8,32.3,31.3,31.6,30.5,28,26.7,26.3,24.8,25,25.7,24.7
36123,25.9,26.6,26.6,26.4,26.1,26.3,25.6,25.3,25,25.1,24.7,23.1,22.9,21.4,20.9
13267,29.1,29.5,28.2,29.9,29.2,29.8,28.9,29.6,28.7,28.2,27.7,27.5,26.7,27.6,26.9
13321,28.3,28.4,27.2,28.3,27.1,28.1,27.2,27.7,27.6,28.5,28.4,28.9,28.3,28.3,27.6
45035,25.1,24.7,25.3,24.3,25.1,25.2,25.2,25.4,26,25.4,24,23.6,22.9,22.4,21.5
36069,24.3,24.7,23.8,23.4,23,22.3,21.8,21.8,20.7,21.2,20.9,20.1,19.4,18.1,17.6
13057,25,25,23.7,24.4,23.6,23.5,22.7,22.6,22.2,21.7,20.7,20.5,20.1,19.5,18.9
13161,29.7,29.8,28.5,28.9,28.8,28.9,28.1,27.8,27.7,27.3,26.3,25.2,25.3,25.7,25.1
13069,28.2,28.5,27.8,28.5,28.4,28.7,28.4,27.9,28.1,27.4,27.6,26.6,27.2,27.6,26.8
36073,28.9,29.3,29.5,29.7,29.5,30,29.3,28.8,29.1,29.6,28.2,27.2,26.5,23.8,23.3
36101,25.9,27,27.4,27.5,28,26.7,25.7,25.5,25.5,25.4,25.3,24.7,24.1,22.6,22
34021,22.1,22.4,21.4,21.4,21.6,21.5,20.3,19.9,19.3,19,18.1,18.2,18,18,17.4
13255,30.6,30.8,29.1,29.3,28.5,28.8,28.1,28.2,27.6,27.3,26.8,26.3,26.6,27.1,26.4
54051,30.7,31.2,31.2,32.1,32.4,32.8,32.2,30.7,30.5,30.1,30.2,29.1,29.6,29.3,28.5
54029,31.3,31.5,31.2,32.3,32.7,32.4,31.6,30.2,28.7,28.3,28.4,28.3,30,32.2,31.4
42133,25.9,26.1,25.6,25.8,26.3,26.2,25.4,25.2,24.7,23.8,23,22,21.8,21.4,20.8
37115,27.6,27.5,27.5,28,28.4,28.7,28.5,28.2,26.9,26.7,26,27.1,25.9,25.9,25.3
37133,27.3,27.3,27.9,27.5,28.2,27.7,27.3,27.2,26.7,25.9,26.6,26.4,25.4,23.7,23
54013,31.2,32.2,32.4,32.3,33.7,34.6,34.1,33.7,33.9,33.6,33.5,32.7,31.9,32.7,31.8
51125,25.8,26.1,26.5,27,26.3,25.9,25.5,24.9,24,24,23.2,22.3,23,23,22.7
51680,27.1,27.6,27.7,28.1,27.6,27,25.8,24.4,23.2,22.9,23.4,23.1,23.4,22.3,22
13281,26.5,26.2,25.2,26.2,26.3,26.1,25.6,25.1,24.6,24.1,23.4,23.9,22.9,23.2,22.5
13225,26.7,27.2,26.1,26.5,26.2,26.4,25.8,26.2,26.1,25.7,25.8,24.9,24.1,23.3,22.6
51063,28.2,28.1,28,27.9,27.8,27.8,27.5,27.2,26.8,26.3,25.3,25.2,24.1,23.7,23.3
36029,27.6,28.5,27.9,27.5,26.8,25.5,24.3,23.9,23.1,22.6,22.3,21.9,21.6,20.8,20.3
13151,26,25.8,24.5,24.1,23.7,23.4,22.3,21.9,21.9,20.7,20.8,20.1,21.1,21.1,20.5
51520,27.3,27.5,28.5,28.7,29.6,30.9,31,30.2,29.4,28.7,27.2,27.2,27.4,29.5,29.1
54065,30.5,30.8,30.3,31.2,30.7,31.2,29.6,29.3,28.8,29.3,30,29.4,29.5,28.6,27.8
51103,24.4,24.5,24.5,24.7,24,23.7,23.6,23.5,22.8,23,22.9,23.7,22.5,22.2,21.9
36121,29.6,29.5,29.2,29,28.9,28.9,28.1,28,27.1,26.7,25.3,24.9,24.6,25,24.5
42081,28.7,28.6,27.8,28.3,28.8,27.6,27,27.1,26,25.1,25,24.3,23.3,22.9,22.3
51017,27.6,27.8,28.1,28.6,28.2,28.4,27.8,26.9,26.7,27.2,26.7,25.8,25.2,25.5,25.3
51131,26.3,26.6,26.8,26.6,25.7,25.9,26.3,25.3,25.3,26.4,26.6,24.5,25.1,23.9,23.5
37057,31.1,30.4,30.9,30.8,31.2,30.4,30,29.9,28.6,28.2,27.6,26.9,26.2,26.5,25.9
37155,31.8,32,31.9,31.9,33.1,32.6,31.9,32.3,31.4,30.4,30.4,29.6,28.7,29,28.5
42097,29.2,29.1,30,30.4,30.7,29.5,29.2,27.6,28.1,27.8,27,26.3,26,25.5,24.9
42121,29.1,29.6,29.7,30.6,30.9,31,30.4,29.4,28.5,28.5,28.9,28.6,28.9,28,27.3
51197,29.2,29.1,29.1,30,30.1,30.7,30.9,30.5,29.6,29.6,29.2,27.7,27.4,26.4,26
54045,35.3,35.3,33.6,34,33.7,34.3,32.9,33.1,33.9,33.8,34.2,34.6,33.7,32.8,32
13213,31.4,31.7,31.3,32.8,32.7,33,31.8,31.4,30.2,30.7,29.9,30.1,29.6,29.9,29.2
37013,26.9,26.8,26.9,26.8,27,26.7,26,26.2,25.1,24.5,23.8,24.1,23.3,24.1,23.5
37113,28.3,27.8,28.1,27.4,27.5,27.2,26.8,26.1,26.2,25.7,25.2,25.4,25.5,24.9,24.4
36009,27.3,27.9,28.3,28.4,28.6,28.4,28.2,28,27.7,27.4,26.5,26,26.1,25.8,25.2
36055,22.8,23.7,23.8,23.8,23.4,22.8,22.3,22,21.9,21.8,20.9,20,19.1,17.3,16.9
34015,27,25.7,25.2,25.8,26.2,25.8,25.3,25,24.2,23.8,23,22.3,21.4,21.2,20.7
13037,26.4,26.9,25.6,27,26.5,26.7,26.5,26.8,26.8,27.2,28.1,27,26.1,26.5,25.8
54039,29.7,29.8,30.4,29.7,29.6,29.3,27.9,27,27.8,26.9,27,26.8,26.8,27.2,26.5
11001,21.4,22.4,23.5,23.5,23.9,23.9,23.1,22.5,22.4,21.7,21.1,21.1,20.7,20.4,19.6
45085,27.2,27.4,27.9,28.1,28.2,27.8,27.2,26.8,25.9,25.7,26.1,25.6,25.5,24.7,23.7
51043,26.2,25.8,25,24.9,25,25.1,25.1,24.3,23.6,22.8,21.4,19.7,19.2,19.1,18.8
54021,27.6,27.9,27.6,27.9,28.1,29.2,28.7,29.3,30.2,30.9,31.6,31.1,29.4,29.6,28.8
34033,27.2,26.1,25.7,25.6,25.4,25.9,25.9,25.6,25.4,24.8,24.6,23.9,23.7,23.4,22.8
13193,28.6,29.1,27.6,28.5,28.3,28.3,28.3,28.5,28.5,28.5,29.7,28.2,28.8,28.2,27.6
13263,26.9,26.9,26.2,27.4,26.9,27.5,27.2,27.3,27,26.8,26.1,26.5,26,26.2,25.6
13093,27.5,27.8,26.8,27.4,27.1,27.4,27.6,28,29.1,29.3,29.6,28.9,28.1,28.5,27.7
51133,24.7,24.1,24.4,24.8,24.7,24.6,25,24.6,24,24.1,23.4,23.6,22.9,23.4,23
37105,26.2,26.1,26.9,27.8,28.4,27.8,27.6,27.5,26.9,26.5,26.3,24.8,24.5,23.9,23.2
45027,27.8,27.7,28.4,29,28.6,28.4,28.4,27.7,26.5,25.9,25.6,24.9,24.4,24.6,23.7
37127,26.8,27.2,26.6,26.8,26.5,25.9,25.5,25.7,25.2,24.8,24.5,24.4,24.5,25.1,24.5
51620,27.3,27.8,27.5,27.2,26.3,26.4,26,25.7,25.5,25.8,26.5,26,25.7,25.9,25.6
51049,28.2,28.5,28.9,28.7,28.8,30.6,30.5,30,29.7,29.5,27.5,25.8,24.5,24.4,24
51037,28.2,28.4,28.5,28.4,27.8,27.8,27.1,27.1,26.1,26.6,25.9,26.1,26.6,26.1,25.8
51115,25,25,24.8,25.2,24.5,25.2,25.2,24.6,24.5,25,24.8,23.5,21.9,21.6,21.2
51119,25.4,25.6,25.9,26.3,25.1,25.2,25.1,24.3,23.6,24.1,23.3,23.8,21.2,20.9,20.5
51015,28,28.2,27.9,27.8,27.4,26.6,26.3,25.6,24.8,24.8,24.4,24.3,23.9,24.8,24.5
54003,32.2,32,31.3,31.2,31.4,31.4,31,30.7,30.7,29.7,29.1,27.9,28,26.9,26.1
37163,29.6,29.5,29.5,29,28.4,27.7,27.5,27.6,26.8,26.7,26.4,26.1,24.9,25.8,25.2
51117,28.7,28.7,28.1,27.9,27.8,28.1,27.8,27.7,27.6,28.9,28.2,28.8,29.2,28.5,28.1
37035,28.7,28.2,28.6,27.4,27,25.8,25.9,25.6,25.3,25,24.6,23.8,23.6,23.9,23.3
13049,30.9,31.8,30.3,31.7,30.4,30.8,30.2,30.5,31,31.3,31.4,30.6,30.1,30.5,29.8
37191,28.2,28,29,28.4,28.1,26.9,26.1,26.5,26.7,26.3,27,26.9,26,25,24.4
36023,26.4,26.1,26,26.6,27.4,26.7,27,26.1,24.9,23.9,24.3,23.2,23.2,21.3,20.7
37059,27.3,27.2,27.8,28,28.1,27.7,26.9,26.7,26,25.4,24.3,24.3,23.7,23.4,22.8
13291,28.5,28.5,27.5,27.8,27.4,27.4,25.9,25.1,24.8,23.9,22.5,22.5,22.4,22.3,21.7
36037,27.8,27.7,27.1,27,26.7,27.1,26.2,26.1,25.7,25.9,24,23.6,23.4,21.9,21.4
51159,28.9,29.2,29.2,29.8,29.2,29.2,29.3,29,28.2,28.5,28.7,29.1,27.9,28,27.7
13115,28.1,28.2,27.2,28.2,27.5,27.3,27.1,26.6,26,26,26.5,25.8,26.3,26.1,25.5
45009,25.4,25.9,25.8,26.3,27,27.7,27.4,26.8,26.1,25.4,23.5,22.9,23.7,24.8,23.8
42023,29.8,29.7,29.5,29.3,29.6,28.4,28,27.6,26.8,27,27,27.4,27.5,26.9,26.3
24009,25.1,25.2,25.2,24.3,24.4,23,23,23.1,23.2,22.5,21.7,21.1,20.5,20.8,20.2
51127,25.7,25.8,25.9,25.7,25.5,25.7,24.8,24.1,23.2,23.1,23.3,23.9,23.9,23.5,23.1
13055,31.3,31,29.8,31,30.5,31.5,31,30.5,30.3,30.4,29.8,29.6,30.6,30.5,29.8
13241,27.9,27.7,26.4,26.9,26.9,26.5,25.6,25,24,23.1,23.4,22.7,22.5,22.9,22.3
42117,27.6,27.6,27.8,27.8,28,27.1,26.3,25.2,24.9,23.9,23.3,22.9,22.9,23.1,22.5
45021,31.3,30.2,30.3,30.7,30.1,29.9,30.9,31.2,30.8,30.8,31.4,29.5,29.6,29.2,28.1
51149,25.2,25.1,24.2,24.1,24.4,25.2,25.5,26.6,26.2,25.8,25.6,25.4,23.2,23.6,23.2
45089,26.3,26.3,27,27.9,28.8,28.4,28.3,27.5,25.9,25.1,24.8,24.3,23.4,24.1,23.2
45003,25.3,25.9,27,28.3,28,28,27.1,26.1,25.2,24.8,24,23.5,23.4,23.3,22.4
13145,22.9,22.5,21.7,22.3,22.3,22.6,22,22.1,21.6,21.2,20.4,19.9,20,19.9,19.3
42049,27.8,28.2,28,28.3,29.5,28.7,27.7,27.6,27.4,26.3,25.8,26.3,25.9,25.8,25.1
36067,24.7,25,25.6,25.6,26.9,26.1,25.5,24.5,22.9,21.8,22.5,21.7,21.2,19.2,18.7
37131,27.5,27.4,27.3,26.5,26.3,26.8,26.5,26.4,26.8,26.9,27.5,27.2,27.9,28.3,27.7
51036,27.5,27.3,26.9,26.9,27.2,27.8,28.2,28.2,28,27.9,28.1,27.6,26.5,26.6,26.3
51067,27.6,27.6,27.8,27.7,28.2,28.7,27.9,27.5,27.2,27,25.6,25.2,23.9,24.1,23.8
34019,19.8,19.3,18.4,18,18.3,17.7,17.1,16.7,16.6,16.2,16.2,16,15.5,14.7,14.2
13159,27.3,27.8,27,27.8,27.8,28.3,27.3,27.6,27.5,27.6,27.4,24.7,25.4,24.7,24
37173,31.6,31.7,31.8,32.5,33.2,32.4,32.7,31.9,31.1,30,29.8,28.5,28.2,27.7,27.1
37187,27.9,28.1,28.1,28,27.6,27.1,26.9,27.6,27.2,27.4,27.9,27.1,24.8,25.4,24.8
13015,29.1,29.8,28.4,28.9,27.9,28.2,27.5,27.5,27.3,27.4,27.1,26.6,26.5,26.5,25.8
51071,28.9,28.3,28.3,28.8,29.3,29.2,29.2,29,27.3,27.2,26.4,26.8,26.8,26.5,26.2
51740,27.5,27.5,27,27.1,26.2,25.6,25.4,25.2,24.9,25.9,25.9,26.1,26.3,26,25.6
24005,23.7,23.7,24.3,23.5,24.5,24.4,24.3,23.8,23.1,21.8,20.8,20.3,19.6,19.8,19.3
24015,27.8,28.1,27.2,28.1,27.9,27.2,26.6,26.7,25.8,25.4,25.3,24.3,24.5,23.4,22.8
37079,27.9,27.8,28.5,28.1,27.4,26.4,26,26.1,25.2,25,25.2,24.6,23.9,25.5,24.8
24019,28.4,29.1,29.1,28.1,28.7,27.6,27.7,27.2,26.7,25.4,24.4,23.3,22.5,24,23.4
37111,30.4,30.2,30.7,30.3,31,31.1,30.2,30,28.6,27.9,26.7,27.3,27.3,28.7,28
13163,28.3,28.9,27.6,27.7,27,26.6,26.8,27,26.5,27.3,27.2,26.6,26.1,26.5,25.8
13289,29.1,29.4,28.1,29.7,29.2,29.5,29.8,30.1,29.2,29.4,30.8,28.5,26.7,27,26.4
51107,17.7,17.6,17.1,16.4,17.1,17.2,16.6,15.6,14.9,13.8,12.5,11.9,11.6,11.9,11.7
37139,26.4,26,26.3,26.6,26.4,26.8,27,27.3,27,26.6,26.2,25.8,25,24.3,23.7
37005,29.7,29.1,29,29,30.1,29.1,29.1,28.5,28,27,27.3,26.3,27.2,26.3,25.6
54009,28.5,29.2,29.7,31.4,32.1,32.8,32,31.1,31,30.7,30,29.6,30.3,30.6,29.8
37067,26.3,26.7,26.9,27.3,27.6,26.7,26.2,26.1,25.4,24.6,25,24.7,23.9,22.5,21.9
45063,26.8,26.9,27.6,27.7,26.8,25.9,24.9,24.4,23.3,23.2,22.8,23,23,23.2,22.3
10001,27.8,27.7,27.5,26.8,26,27.4,26.4,26,26.4,26.3,24.4,24.7,24.1,25.2,24.4
24027,15.6,15.7,16.1,16.6,16.6,15.5,15.3,14.4,13.3,12.3,11.8,10.9,10.8,11.8,11.5
24029,25.7,24.7,24,23.8,23.6,23.6,23.6,23.3,22.7,22.5,22,22.3,21.3,20.9,20.4
24031,15.3,15.3,15.4,15.5,15.5,14.6,14.3,13.5,12.7,12.5,11.8,11.6,11.4,11.8,11.5
37091,27.3,27.7,27.7,27.7,27.1,26.6,26.4,26.4,26.1,26.1,26.1,26.4,25.6,25.6,25
36003,24.7,25.3,25.5,25.7,26.3,25.7,25.4,25.5,25.1,24.3,24.2,24.2,23.3,22.9,22.3
37061,29.2,28.9,28.9,28.5,28.5,28.5,27.8,28.3,27.7,27.4,27.2,27.3,26.3,26.1,25.4
13121,20.4,21.5,20.7,21.2,20.5,20.8,19.5,19.1,18.9,18.3,16.9,16.6,16.6,16.4,15.9
54001,28.9,28.9,29.2,29.8,30.7,30.8,29.6,29.6,29.6,29.1,28,28,27.5,28.6,27.8
51111,29.5,30,29.7,30,29.3,29.8,29.5,29,28.8,30.4,29.1,30.4,29.4,28.8,28.4
51169,29.9,30,29.5,29.7,30.8,30.9,31.2,30.9,30.5,29.9,29.3,28.7,27.8,28.3,28
24037,24.1,23.1,23.6,23.1,23.7,22.6,23.2,22.4,22.6,21.7,21.3,20.3,20,19.9,19.4
45077,26.7,26.6,28.2,25.9,25.6,25.9,25.2,23.9,24.3,23.9,22.8,22.4,22.7,22.8,21.9
45087,31.6,31,30.9,31.2,32.6,31.5,31.5,31.3,30,28.7,28.4,28,28.5,28.6,27.5
45083,28.6,26.9,26.6,27.7,28.1,27.3,27.3,27.5,26.2,25.9,25.8,25.7,25.6,26.1,25
45013,22.3,22.1,23.2,23.1,23.7,22.8,21.9,21.1,21.3,20.9,20.9,20.6,21.4,19.5,18.7
45053,28,28.5,28.6,29.2,29.4,29.1,28.6,28.4,29.2,28.2,27.5,27,26.5,26.1,25.1
37051,25.9,26.4,26.2,26,26.6,26.6,26.5,26.4,26.1,25.7,25.1,24.3,24.2,23.9,23.2
10003,25.3,25.8,25.1,24.5,24.3,25.3,24.4,23.7,23.6,23.2,21.6,21,20.4,20.5,19.9
13077,26.6,27,25.3,25.8,24.5,24.3,23.3,22.8,23,22.4,21.8,21.6,22.4,22.1,21.5
13233,30.8,31.2,29.9,30.3,30.2,29.8,29.3,29.9,29.7,29.3,28.9,28.7,27.7,27.7,27
24003,24.7,24.9,24.2,24.6,24.4,23,22.4,21.8,20.5,19.8,19.2,19.1,18.8,19.6,19.1
37087,29.1,29,29.9,30.4,30.8,30.2,30.1,29.2,29.1,28.1,27.8,26.9,26.6,25.2,24.6
54087,31.6,32.4,33.1,32.5,34.5,35.1,34.1,33.1,33.2,32.7,32.4,32,33.4,34.5,33.6
37197,30.5,30.7,30.5,30.5,30.6,30.2,30.1,29.7,29.5,29.5,28.3,27.2,26.9,26.2,25.5
10005,29,29.7,29.9,28.7,28.4,29.1,27.9,27.1,27.6,27.2,26.1,25.6,25.1,25.3,24.6
37089,25.5,25.7,25.9,26,26,26.1,25.5,25,24.2,23.6,22.4,22.1,22,22.3,21.7
13157,28.8,28.9,27.7,28.8,28.1,28.1,27.5,27.1,26.2,26.5,24.2,23.2,22.8,23,22.4
37161,30.2,29.4,28.7,28.7,28.7,29,29.3,30,28.9,28.2,27.8,27.5,27.4,28,27.3
51141,30.2,30.6,30.5,31,31.7,31.5,31.3,30.6,29,28.6,29.2,29.3,28.6,28.2,27.8
42067,27.9,28,27.9,28.1,28.3,27.7,27.1,26.9,26.4,25.9,24.2,23.9,23.1,24.5,23.9
42071,25.4,25.6,25,25.7,25.4,24,23.7,23.3,22.5,21.5,21.6,20.9,20.5,22,21.3
45019,24.3,23.8,24.9,24.5,25.2,25.2,24.4,24.3,24.2,23.9,23.1,22.3,21.4,19.9,19.1
37193,29.9,29.1,29.4,29.5,29.9,29.2,28.9,28.4,28.5,28.4,28.6,28.3,28.4,27.1,26.5
13141,26.1,26.8,25.8,27.3,27.3,27.5,27.7,28.4,28.5,29,29.4,26.1,27.4,27.8,27
13011,29.5,29.8,28.8,29.8,29.3,29.5,28.4,28.5,28.1,28.1,27.1,26.5,25.2,25.3,24.6
37177,29.1,29,28.7,29,29.1,29.2,29.9,30.7,30.6,30.8,30.1,29.2,28.4,28,27.3
42085,28.5,28.5,28.8,29.6,28.7,28.9,28,27.6,26.8,27,26.9,27.4,26.8,25.9,25.2
42087,28.7,29.7,28.7,28.9,29.6,29.1,28.8,29.3,29.4,28.9,27.7,26.3,25.6,25.8,25.2
42027,20.2,20.7,19.7,19.8,19.5,18.8,18.6,18.9,19.1,18.4,17.4,17,16,15.8,15.4
42029,20.5,20.1,19.8,20.3,20.2,19.5,19.3,18.5,18.3,17.7,17,16.2,16.2,15.1,14.7
45033,30.7,30.8,32,32.4,33,32.6,32.3,31.6,30.4,30,28.9,28.6,27.6,28.7,27.6
42031,26.1,26.1,26.2,26.7,26.8,25.9,25.6,25.1,24.6,24.5,23.9,23.2,23.6,24.4,23.8
45039,28.2,28.2,28.3,28.8,30,30.4,29.3,29.1,28.5,27,25.8,25.3,25.5,25.7,24.8
13013,29.5,30,28.6,29.5,29,29.2,28.5,28.4,28,28.2,25.9,24.1,23.5,24,23.3
51147,25.9,26.3,26.2,26.5,26.4,27,26.5,26.3,25.8,26.1,26.6,25.9,25.3,23.9,23.5
42093,29,29.3,29,29.8,30,28.6,26.9,26.7,26.6,26,26.2,26.3,24.7,23.5,22.8
42095,24.5,24.6,24.2,24.6,24.9,24.9,24.8,25.4,24.3,24.4,23.4,23.1,22.7,23.2,22.5
37175,25.6,25.7,26.7,26,26.6,26.6,26.1,24.8,25,23.8,23.4,23,22.2,22.1,21.6
51077,31.4,31.4,31.3,31.7,32.2,31.6,31.6,30.5,29.5,29.1,28.6,26.9,27.6,27.1,26.7
24033,20.8,20.8,20.5,20.6,20.9,20.8,20.8,20.5,19.8,19.6,19.2,18.5,18.4,18.8,18.3
34007,25.8,25.6,26.2,26.4,26.6,25.6,25.1,24.9,24,22.8,23.2,22.8,21.8,21.5,20.9
37199,28.9,29.5,29.4,28.9,29.4,29.2,27.8,27.7,26.9,26.8,26.4,25.4,26.5,26.1,25.4
13245,25.7,27.1,26.4,27.3,26.9,27.1,26.4,26.2,26.4,26.5,26.4,25.6,25.9,24.4,23.7
13265,28.6,29.3,28.4,30,30.4,30.3,30,30.1,29.8,30.1,30.1,28.7,27.1,27.2,26.4
13279,28.1,28.4,26.9,28,27.3,28.3,27.3,27.5,27.2,27.4,24.9,24.7,23.5,24.3,23.7
36013,27.4,28.5,28.6,28,28.4,27.5,26.6,26.2,26.4,26.2,26.1,25.7,26.2,25.5,24.9
37171,31.1,30.8,31.4,31.9,32.9,31.6,31.3,30.4,29,28.4,28.5,27.4,27.4,26.1,25.5
42043,24.9,24.9,25.9,26.2,26.8,25.3,24.4,22.7,22.1,21.5,22,21.6,21.6,20.9,20.3
51011,27.8,28.1,28.4,29,28.7,29,28.2,28.1,27.4,27.4,26.8,26.1,25.2,24.8,24.5
37009,29.2,28.8,28.7,28.2,28.9,27.9,27.5,27.1,26.8,25.6,26.3,25.8,26.1,25.7,25.1
51033,27.7,28.1,28.6,28.5,28,28.1,27.3,26.1,25.8,25.4,24.4,23.7,23.8,24.2,23.9
36047,23.9,24.4,23.8,24.5,25.1,24.5,23.6,22.7,21.7,20.8,19.5,18.9,18.9,18.9,18.5
51173,30.5,31.1,31.3,31.5,32.7,32.9,32.2,30.4,29.6,29,28,27.3,27.3,26.8,26.4
45059,30,29.7,29.8,30,31.1,29.5,29.1,29.3,28.7,27.5,27.7,27.8,26.9,27.5,26.5
51101,26.4,26.8,27.1,27.2,26.9,26.9,25.8,24.9,24.1,24.1,23.4,24.7,24.4,24.3,23.9
45075,25,25.5,25.3,25.7,25.8,26.4,26.2,25.7,25.7,25,24.8,24.6,24.5,24.7,23.7
51059,17.7,17.8,18.2,16.9,17,17.1,16.6,15.5,15.4,14.6,13.7,13.7,13.5,13.1,12.9
37023,30.7,30.3,30.9,30.6,31.4,31.3,31.3,31,29.9,29.3,28.4,26.7,26.1,26.6,26
51177,25.6,26.4,26.6,26,24.9,25.2,24.1,22.9,22.6,22.1,20.9,20.4,19.4,19,18.7
24041,24.4,24.7,24.2,23.8,23.7,22.4,22.4,21.3,20.5,19.9,19.9,18.8,18.5,18.9,18.5
42057,27.8,28,28,28.7,29,28.1,27.6,27.4,26.8,26.2,25.4,24.6,23.5,24.5,23.8
37159,28.5,28,28.9,29.2,30.2,30,28.7,28,27.2,26.4,25.5,26.3,26.3,26.7,26.1
37117,26.2,26.4,26.3,26.5,25.7,25.7,25.8,25.8,25.7,25.7,25.6,24.7,24.2,25.5,24.9
13293,29.1,29.5,28.8,30.3,31.2,31,30.5,30.3,29.4,29.1,28.8,28.3,28.3,28.8,28.1
13313,29.4,29.7,29.3,30.6,29.8,29.7,28.4,27.5,26.6,27,25.6,26.3,25.6,25.8,25.1
51179,23.2,23.2,23.1,22,21.6,21.3,21,20,20,19.1,18.5,17.6,17.4,17.2,16.9
37027,30.6,29.8,30.3,30.3,30.7,30.3,30.6,30.1,29.5,29.2,29.2,27.4,28.5,28.2,27.5
42119,26.1,26.5,25.9,26.4,26.4,25.5,25.5,25.9,25.7,25.5,24.5,23.8,22.5,22.3,21.7
36083,25.9,26.2,25.9,25.8,25.3,24.4,24.1,23.4,23.2,23.3,22.2,21.9,22,20.9,20.4
37045,30.2,29.5,29.2,28.6,28.3,28.1,28.6,28,27.5,27.2,27.2,26.3,26.9,26.7,26.1
24045,26.7,26.6,26.9,26.5,26.1,26.5,25.9,25.6,25.5,24.2,23.4,21.9,21.5,21.9,21.3
37119,21.4,21.3,21.5,21.7,21.2,20.7,20,19.7,19,18.6,18.9,18.5,17.6,16.2,15.8
13297,28.2,28.9,27.5,28.4,28,27.9,26.7,27,26.2,25.8,25,24.4,23.4,23.8,23.1
42123,27.4,28.3,28.7,29,29.5,29.2,28.4,27.9,27.8,27.7,27,26.7,27,27,26.3
34039,21.8,21.9,21.9,22.2,22.1,21.3,21.1,21,20.1,20.1,19.8,19.2,18.3,18.6,18.1
13307,27.8,28.1,26.9,28,27.3,27.8,27.8,27.7,27.6,27.7,27,23.9,24.8,25.2,24.4
13309,27.5,27.8,25.9,27.1,27.2,27.6,27.7,28.8,29,29.2,29.2,29.4,27.9,28.6,27.9
42003,26.6,26.7,26.8,27.3,27.6,27,26.1,25.1,24.3,23.9,23.2,23.5,23.5,24.3,23.6
42129,26.4,26.8,27.6,27.5,27.7,28.2,27.6,26.3,25.7,24.2,22.6,21.9,21.9,22.8,22.2
13085,26.9,26.9,25.4,27,26.7,26.7,26.8,27.6,26.6,26.7,25.7,24.2,23.2,23.1,22.5
13063,26.2,26.4,26,26.7,25.3,25.3,24.7,24,23.1,22.7,22.4,21.7,22.2,22.8,22.2
37141,28.9,28.4,28.3,27.8,28.6,28.6,28.6,28.9,28.8,28.1,27,25.9,24.8,24.4,23.8
37129,27,27.4,26.9,26.2,26.7,25.8,24.9,24.7,24.2,23.7,23.2,22.7,22,21.4,20.8
24039,27.5,27.2,27.8,28.6,28.6,28.2,28.5,28.1,27.4,26.4,26.9,26.4,25.4,26.5,25.9
13167,28.9,28.4,27,27.8,27.4,27.5,27.9,29,29.5,30.4,30.7,28.5,27.1,27.8,27.2
36117,27.2,27.2,26.6,27.4,28.1,27.8,27.1,26.8,25,24.3,23.7,23.4,23,21.6,21
34005,23.8,24,23.7,24,23.9,23.4,22.1,21.9,21.1,20.3,19.6,19.4,18.9,19.5,19
37053,29.3,28.5,28.4,28.4,28.2,27.8,27.6,27.7,27.3,26.4,25.8,25.6,24.8,24.4,23.8
45091,26.3,26,26.5,27.7,27.8,27.4,27,26.6,26.1,26.1,24.9,23.7,24.2,22.4,21.4
45065,26.6,26.2,26.4,26.8,27.6,28.1,28.1,27.8,27,26.8,25.2,24.2,24.4,24.4,23.5
45081,28.7,28,28.1,28.6,27.8,28.3,27.7,27.7,27.1,27.2,25.7,25.1,24.6,24.7,23.7
37123,29.6,29.3,28.7,28.8,29.1,29,28.1,27.6,26.5,25.8,25.1,25.3,25.1,25.5,24.8
36039,27.8,27.1,27.2,27.4,27.6,27.2,27.5,27.3,26.7,26.2,25.3,25.4,25.1,24.5,23.9
45073,27.7,27.5,27.9,27.2,27.9,28.4,26.9,26.2,25.8,25,24.5,24.3,23.8,23.8,22.8
34041,23.4,22.6,22.1,22.5,23.4,23.7,23.1,23.6,23.8,23.4,22.9,22.2,21.6,20.3,19.7
42005,29.1,29.5,29.2,29.1,29.4,28.3,27.9,27.6,27.2,26.7,25.8,25.2,26.1,26.7,26
42035,28.3,27.9,27.1,27.3,27.6,26.3,26.5,26.6,25.8,26.4,26.4,26.1,24.7,23.7,23.1
13095,25.9,25.7,25.2,26,25,25,24.7,24.5,24.4,24.8,24.7,25,24.8,24.8,24.2
36115,27.4,27.4,27.7,27.7,27.8,27,27,26.7,26.7,26.5,26,25.5,24.8,23.2,22.6
13269,28.7,29.2,28.4,29.6,29.3,29.9,29.5,29.8,29.4,29.4,29.7,28.7,27.2,27.4,26.7
13067,20.4,20.9,20,20.1,19.4,19.5,19.4,19,18.7,18.4,17.9,17.1,17.3,17,16.4
54037,28.7,28,27.1,26.5,26.8,27.2,26.5,25.6,25.2,24.5,24.6,23.2,24.2,23.2,22.5
51035,30.5,30.6,30.1,30.5,30.5,30.5,30.4,30.4,29.4,29.4,29.2,28,27.1,26.7,26.3
13251,26.6,27.2,25.9,26.6,26.3,26.8,25.9,26.4,26.3,26.8,27.2,26.7,26.2,27.2,26.5
36033,29.8,30,30.3,30.5,30.4,29,28.1,27,25.6,25.4,25.3,25.2,24.4,23.5,23
36051,25.9,26,25.9,25.6,25.7,24.7,24.3,24.6,23.8,23.7,23.2,22.7,21.7,20.9,20.3
54099,30.6,31.1,31.5,31.9,32.1,32.4,30.6,31.6,31.6,31.3,31.5,32.5,32,32,31.2
51027,31.7,32,31.8,31.5,31.3,31.7,31.8,31.4,31.3,31.8,32.4,32.4,31.1,30.4,30.1
45031,28.8,28.7,29.3,29.7,29.7,30,30.2,29.7,28.7,27.3,27.6,25.2,24.9,24.4,23.4
45079,23.5,23.4,23.8,23.5,23,22.8,21.9,21.7,21.2,20.6,20.9,21,20.6,20,19.2
51061,22.9,22.9,22.5,22.4,22.5,22.9,23,22.8,22.3,22.4,20.8,19.2,19.3,19.4,19.1
54057,25.9,27.4,28.2,28.5,29.6,29.7,27.6,26.5,26.3,26.2,25.8,26.5,27.7,30.4,29.5
54059,33.4,33.6,34.1,33.8,33.8,34.6,33.8,33.2,33.4,33.2,33.1,33.8,32.5,32.7,31.9
54109,33.1,32.7,32.6,33.4,33.7,35,34.3,34.4,34.7,33.1,32.8,32.8,31.5,32.5,31.7
24047,26.7,26.1,26.6,26.4,25.8,25.1,24.8,24,23.1,21.9,21.6,21.1,20.4,21,20.4
45069,31.4,31.4,32.1,32.3,33.6,33.6,33.9,33.4,32.1,31.3,30.7,29.4,28.3,27.9,26.9
51075,22.6,22.3,22.4,22.8,23.2,24.2,24.5,24.4,24.3,24.7,22.3,19.2,18.4,19,18.7
51135,31.4,31.8,31.5,31.8,31.1,31.5,30.5,29.6,29,29.1,29.1,29,29.5,29.1,28.8
54031,28.4,30.2,30.4,30.1,30.1,30.7,29.2,29,29.3,29.5,29,29,30.3,32.6,31.8
37143,27.1,27.1,27.3,27.5,27.7,27.9,27.8,28.2,27,26.2,24.9,24.3,23.1,23.7,23.1
45045,24.5,23.8,24.5,24.5,24.7,24.5,23.8,23.7,23.4,23.3,22.6,22.3,21.6,20.8,20
13087,28.6,28.4,27.1,27.7,27.3,27.2,27.3,27,26.7,26.1,27.4,26.3,25.3,25.5,24.9
13205,29.8,29.3,28,28.9,27.6,27.8,28.1,28.4,28.7,29.1,29.8,28.5,28.2,27.7,27
13235,27,27.4,26.5,27.8,28.3,28.8,28.6,29,29.2,29.7,30.2,29.9,29.2,28.5,27.8
54027,28.9,29.9,29.9,30.3,30.6,31.2,29.2,29.2,28.7,29.5,29.7,30.8,32.6,33.5,32.7
54055,31.5,30.9,30.6,30.8,31.2,31.6,30.9,32,31.9,31,31.5,30.8,29.7,29.6,28.9
54063,29.2,28.9,30.1,30.5,30.4,30.5,29,28.4,27.7,27,27.5,27.8,27.8,28.7,28
54067,29.5,29.4,29,28.7,29.1,30.2,29.3,29.9,30.8,30.3,29.5,29.7,29.2,29.5,28.7
54079,26.2,25.7,26.2,25.9,26.5,27,26.4,25.1,24.8,24.2,23.8,23.5,24.1,24.9,24.2
51193,28.3,28,28.5,28.5,28.8,28.8,28.8,27.8,27,26.4,27,26.5,25.9,25.7,25.3
51005,28.8,29,29.2,29.2,28.1,27.9,27.2,25.9,25.5,25.3,25.5,24.9,24.9,25.1,24.8
34013,23.1,23.2,23.2,23.2,23.1,22.5,22.1,21.8,21,20.4,20.3,19.8,19.4,19.8,19.2
13033,27.3,28,27,28.7,28.3,29.1,28.5,28.8,28,27.8,27.7,26.5,26.7,27.4,26.7
51001,27.6,27.7,28.2,28.5,26.9,26.7,26.7,25.9,25.8,26.1,25.1,24.9,23.7,23.3,23
13031,22.9,23.2,22.3,22.9,22.3,22.8,21.9,22.7,22.8,23.4,23.1,22.6,21.9,21.3,20.7
13165,28.1,28.5,27.1,28.2,27.6,28.5,27.8,28.4,27.8,28.4,26.9,26.7,26.2,26.9,26.2
37101,27.3,28,28.2,27.7,27.4,26.5,25.8,25.9,25.6,25.2,24.6,25,24.2,23.8,23.2
51105,30.8,30.8,30.9,31.3,32.2,32.4,31.9,31.5,30.1,29.1,27.9,28,27,28.2,27.9
36103,24.3,24.8,24.4,24.2,24.2,23.8,22.7,22.2,21.8,20.9,20,19.4,19,18.1,17.6
51019,27.2,27.4,28.1,27.5,27.3,27.2,25.9,24.6,23.8,23.3,23.6,23.7,24.1,23.8,23.5
51047,27.5,27.6,27.7,27,26.1,26.2,25.7,24.8,24,23.5,22.6,21.8,21.5,22,21.7
13103,26.9,27.8,26.4,26.8,26.7,26.6,25.5,25.9,26.2,26.2,24.9,24.6,23.9,24,23.4
54083,28.4,28.6,28.6,28.4,29.1,29.9,29.3,28.5,28.7,29,27.4,27.5,27.5,28.5,27.7
51085,23.4,23.7,24,23.8,23.4,23.5,22.6,21.7,21.4,21.1,20,20.6,20.1,19.9,19.6
51069,28.5,28.5,27.9,27.5,27.1,26.6,26.1,25.4,24.2,24,24.2,23.6,22.7,22.4,22
51195,30.7,30.1,30.2,29.9,30.4,30.7,30.6,30.4,30.2,30.7,30.7,30.7,29.8,29.8,29.5
24017,23.7,24.1,24.3,23.5,23.6,22.7,22.4,21.5,21.6,21,20.6,19.6,19.2,18.5,18
36031,25.3,24.8,24.4,24.3,24.4,23.5,23.7,22.9,21.9,21,21,20.2,20,19.4,18.9
51145,25.5,24.7,24.7,24.6,25.3,26.3,26.5,26.1,25.7,25.2,23.9,22.3,21.5,22.1,21.8
51760,25.7,25.2,24.8,25.9,26.2,26.7,26.2,26,24.5,23.7,24.9,24.4,23.6,22.7,22.4
36099,27.1,26.9,26.5,27.1,27.1,27.8,27.7,27.8,27.2,27.1,26,25,24.6,23.5,22.9
13045,28.3,28.9,27.5,27.9,27.1,27.5,26.3,26.2,26.6,26.5,25.5,26,25.7,25.2,24.5
51073,26.7,26.9,26,26.3,25.5,26.2,26.2,25.6,25.4,25.9,24.2,23,22.6,22.6,22.3
13059,20.8,21,20,20.4,19.5,19.7,18.9,18.8,18.4,18.4,18.2,18.5,18,18.1,17.6
51083,28.7,28.5,28.5,27.9,28.7,28.8,28.7,28.4,27.9,27.6,27.9,27.2,26.4,26.8,26.4
13061,26.9,27.3,26.2,27.7,26.8,27,26.6,26.1,25.9,26,27.7,27.3,27.7,27.6,27
42125,26.8,27.2,27.8,27.8,28.4,28.9,28.6,27.4,27,26.4,24.2,24.2,24.3,24.4,23.7
45055,28,28,28.9,30.1,30.6,30.2,29,28.3,26.7,25.4,24.8,24.4,24.2,23.9,22.9
34009,26.2,26.5,26.3,26.9,27.1,27.1,26.1,25.8,24.4,23.5,23.7,23.4,22.9,23.3,22.7
54081,31.4,31.8,31,31.3,31.4,32.4,31.1,31,31,29.7,29.3,29.6,29.7,31.1,30.3
13073,22.3,21.7,20.7,22.8,22.5,22.5,22,22.1,20.9,20.8,20.8,19.9,19.1,18.2,17.6
13091,29,29.1,28,29.5,29.4,29.8,29.2,29.3,28,28.1,27.4,26.6,25.1,25.2,24.6
54053,30,30.3,30.4,31,31.8,33.1,32,31.9,32,32.2,32.3,33.4,33.4,33.3,32.4
37075,29.9,29.8,29.7,29.6,31.1,31.1,31.8,31.9,32.3,32.3,29.1,27.7,27.8,27.4,26.7
42051,26.9,27.8,29.2,29.2,29.7,29.7,29.8,29.6,29.5,29.2,29.4,28.8,28.4,27.7,27.1
51041,23.3,22.6,21.9,21.6,21.9,21.8,22,21.8,21,20.5,20.4,19.7,18.9,19.2,18.9
51139,30.6,31.4,31.6,31.8,32,32.2,31.3,30.4,28.9,29.2,28.6,27.1,27.1,28.2,27.8
51161,23.5,23.8,24.1,23.4,23.1,22.6,21.6,20.8,21,20.9,20.6,20.9,21.5,21.1,20.8
13099,26.8,27.2,26.2,27.5,26.9,26.9,26.7,26.3,26,26,26.1,26.2,26.4,26.6,26
51155,29.6,29.3,29.6,30.4,30.3,30.4,30.5,30.1,29.3,30,30.5,29.6,28.5,26.8,26.4
54073,31.8,31,31.3,31.4,31.3,31.2,30.5,30.6,30.8,30.9,31.8,31.5,31,31.1,30.2
51171,28.4,29.4,29.1,28.6,27.5,27.2,26.7,25.8,24.6,24.6,24.5,23.7,23.5,24.8,24.5
37167,29.1,28.9,28.6,28.5,28.8,28.2,27.1,26.2,25.4,24.7,24.7,25.5,25.5,25.6,24.9
51185,30.5,30.7,30.9,30.6,30.8,30.1,29.8,29.1,28.6,28,28.3,28,27.1,26.7,26.4
13187,28.1,28,26.5,26.9,27.1,27.2,26.6,26.4,25.9,25,23.8,22.9,21.3,22.3,21.7
13147,27.2,27.7,26.8,28.3,28.7,29.4,28.1,28.4,27.6,26.9,26,24.8,24.3,24.4,23.8
54107,30.3,29.7,30,30,30.2,30.1,30,29.6,30.3,30.7,30.6,30.4,30.4,30,29.2
54041,31.8,31.9,31.9,31.1,31,31.4,30.4,30.9,31.5,32.1,30.9,29.5,28.2,28.3,27.6
51175,27.3,27.8,27.5,27.2,26.3,26.4,26,25.7,25.5,25.8,26.5,26,25.7,25.9,25.6
13027,28.4,28.4,26.9,27.6,26.6,25.7,25.2,25.7,25.7,25.5,26.3,27,28.3,26.8,26.1
13127,24.5,24.6,24.1,25.5,25.4,25.5,25.2,25,24.5,23.9,23.4,23,22.7,23.2,22.6
13153,26.5,26.9,25.5,25.8,26,25.6,24.8,24.9,24.8,24.1,24.2,23.5,22.4,21.2,20.6
13181,26.6,26.8,26,28.4,28.5,29.6,29.4,30.2,29,29.1,27.7,27.4,25.8,26.2,25.5
54005,35.5,35.4,34.5,34.9,34.4,34.1,32.6,32,32.8,31.7,31.9,32.6,32.3,33,32.3
54035,28.8,28.9,29.3,29.1,29.1,29.6,29.1,28.5,28.5,28.5,28.1,27.8,28.8,29.9,29
24023,22.9,24,24.1,24.4,24.6,23.8,23,22.6,22,21.1,21.4,21.7,21.4,22.7,22.1
13207,25.5,26,25.2,26.3,26.2,26.1,25.2,25.3,24.6,24.6,24.7,24.9,24.1,24.3,23.7
13219,20.1,19.9,19,19.4,18.9,19,18.2,17.8,17.2,16.9,16.3,15.9,15.9,16.4,15.9
13221,26.9,27,26.2,27.5,26.9,27.5,26.8,26.7,26.5,27,26.5,25.3,23.7,24.2,23.5
13319,27.5,27.6,26.4,28,27,26.9,26.3,26.5,25.5,25.6,25.9,25.4,25.5,25.9,25.3
54023,27.4,28.7,28.7,28.6,29.5,29.7,28,27.6,27.8,27.8,27.6,27.5,29.7,31.4,30.6
54093,27.9,28.2,28.3,28.3,29.3,29.5,28.5,28.3,28.5,28.3,27.5,26.2,26.1,27,26.2
36059,21.4,21.7,21.5,21.2,21.1,21.6,19.6,19.3,18.4,17.9,16.3,16.3,15.5,15.5,15
36075,28.3,28.6,28.8,28.6,30.3,30.5,30.6,30.2,29.9,28.9,28.3,26.6,26,23.8,23.3
13259,28,28.6,27.6,28.7,27.5,27.4,27.4,26.8,25.9,25.9,25.4,24.9,28.3,28.3,27.6
37073,26.5,26.2,26.2,26.4,25.4,25.6,25.3,25.5,25,25.4,26.2,26.5,25.5,25.5,24.9
51199,21.3,21.2,20.6,19.7,19.1,19.1,18.7,17.8,17.4,16.9,16.2,15.5,16.1,16.5,16.3
36079,21.3,21,21,20.8,21.2,21.3,20.2,19.6,19.2,18.9,17.7,17.6,16.7,15.5,15.1
51820,28,28.2,27.9,27.8,27.4,26.6,26.3,25.6,24.8,24.8,24.4,24.3,23.9,24.8,24.5
36063,29.5,29.7,29.1,28.7,28.9,29.1,28,27.2,27.5,27.6,26.6,25.7,25.8,23.1,22.6
13007,26.6,26.4,25.6,26.6,25.6,25.7,25.7,25.9,25.7,25.7,26.1,26.6,26.5,26.8,26.1
24021,22,21.9,21.6,21.8,22.2,21.6,21,20.8,19.8,18.7,17.4,16.8,16.4,17.2,16.7
36089,26.6,27.4,27.5,27.4,28.1,27.7,26.7,26.2,25.4,25.9,25.5,25.1,24,22.3,21.8
13271,28.9,29.2,27.5,28.7,29.7,29.7,29.9,30.2,30,29.6,30.2,27.8,26.4,26.3,25.6
13229,28.7,29.4,28.6,29.7,29.2,30.4,29,29.3,29.3,28.6,26.5,26.6,26.1,27.8,27.1
45041,26.4,26.1,27.3,28,28.7,29,28.6,27.9,26.5,25.2,24.4,24,23.6,23.6,22.7
37125,24.4,24.1,24.1,24.7,24.9,24.9,25.2,25.2,24.7,24.5,23.3,22,21.2,20.6,20.1
42065,28.1,28.6,28.5,28.9,29.2,27.4,26.7,26.2,26.2,26.4,26.3,25.7,26.5,26,25.3
34027,19.9,19.2,18.8,18.9,19.1,17.9,17.4,17.3,16.3,15.8,15.5,15.2,14.6,14.5,14
37019,29.7,30.8,31.1,30.4,31.9,32.2,31,31.4,31.2,30.1,28.4,27.9,26,25.2,24.5
37083,28.5,28.3,27.9,28.1,28.5,29.5,28.7,28.4,27.9,27.6,26.8,27.1,27.1,27.8,27.2
13075,29.9,29.7,28.1,29,28.6,29.2,28.8,28.7,28.6,28.8,28.9,29.1,29.7,28.4,27.7
45029,27.2,27.6,28.4,28.3,29.7,29.4,28.6,28.3,28.4,27.2,26.4,25.3,26.1,26.5,25.4
45043,27,26.8,27.7,28.5,29.4,29,28.2,27.8,26.3,25.4,25,23.9,22.7,22.3,21.5
37033,29.2,28.8,29.2,29.1,30.5,30.7,31,31.4,30.6,28.9,28,28.2,27,28.6,27.9
37049,25.6,25.4,25.7,25.6,25.6,26.6,25.4,25.2,24.7,24.1,23.2,24.3,22.8,23,22.4
13211,25.1,25.5,24.4,24.8,24.4,24.8,23.5,23.6,23.4,22.9,22.5,22.2,22.2,22.1,21.5
42101,30.1,30.1,30.2,30.5,30.7,30.5,30.8,30.9,30.7,30.4,29.8,28.8,27.3,25.6,24.9
36085,24.3,25.8,25.4,26.9,27.7,27.2,26,25,23.2,21.9,20.5,20.6,20.4,20.6,20.1
34003,19.8,20.3,20.6,20.6,21,20,19.3,18.2,17.9,16.8,16.9,16.2,16.4,15.8,15.3
36011,29.2,29.2,28.6,29.2,30.1,29.9,29.6,29.4,28.3,27.3,27.1,25.9,25.6,23.9,23.3
37145,29.3,29,28.7,27.3,29.5,29,28.5,28.4,28.1,26.1,25.5,25.1,25.1,25.8,25.2
51007,29.7,29.7,29.3,29.4,30.1,31.4,31.3,30.9,30.5,29.8,26.6,25.6,24.6,25,24.6
51660,22.7,24.1,24.7,25,23.9,23.2,21.5,20,18.6,18.5,17.8,16.9,16.3,18.5,18.3
54097,29.3,30,29.9,30,29.7,30.4,29.1,28.4,28.4,28.7,27.1,26.6,26.7,27.2,26.4
36025,25.5,25.5,25.6,26.4,26.9,27.1,26.6,26.6,25.5,25.2,24.2,24.1,23.5,23.1,22.5
34017,24.1,24.7,24.8,25.3,25.3,24.6,23.7,23.2,22.1,21.2,20.2,19.1,18.2,17,16.6
13305,28.3,28.4,27.6,28.3,28.3,28.4,28.1,28.4,28.8,27.7,26.9,27.1,26.5,27.8,27.1
34029,26.7,26.8,27,28.2,28.5,27.5,26.6,26,24.8,23.5,22.2,21.2,20.9,22.2,21.6
51181,26.5,26.7,26.4,25.8,25.1,25.7,25.3,25.1,24.8,24.7,24.4,25.4,22.8,23.5,23.1
51191,27.1,27.3,27.7,28,29.1,29.1,28.9,27.6,26.7,26.3,25.5,24.4,23.9,23.6,23.2
37043,28,27.7,27.9,27.5,27.8,27.2,26.6,26,25.7,25,25.7,25,24.5,24.3,23.7
36077,24.3,24.3,24.4,24.9,24.9,25,24.7,24.3,23.5,23.8,23.2,22,21.4,20,19.5
42089,25.2,25.4,25.7,25.9,26.2,26,25.7,25.8,25.6,25.4,24.6,24.2,23.6,22.9,22.3
36041,25.6,25.4,24.8,24.2,24.5,23.9,23.1,22.7,21.6,21.2,20.1,20.1,20,19.3,18.8
37147,24.3,24.3,24.7,24.4,24.2,23.9,23.2,22.6,22.1,21.5,21.8,22.5,22.2,23,22.4
13019,29.6,29.6,28.8,29.7,29.4,29.8,28.9,28.9,29.1,28.9,28.4,29,28.9,28.9,28.1
36071,25.5,25.6,25.8,25.4,25.7,25.2,24,23.5,22.5,22.3,21.6,21.1,20.3,19.3,18.8
36001,23.9,23.7,23.5,23.2,22.5,22.6,22.2,21.4,21.7,21.1,20.5,19.7,20,18.2,17.7
13303,27.8,28.2,27.5,28.4,27.6,27.4,27.3,28.1,27.7,28.2,28.4,27.6,26.9,26.6,25.9
51113,25.1,25.2,25.2,25.4,25.6,25.9,25.4,24.7,23.9,23.7,22.6,22.1,23.5,24.4,24.1
51187,29.1,29.1,28.7,29,28.6,28.4,28.1,27.2,25.9,25.6,25.3,24.5,24.5,24.7,24.3
37065,29,28.9,29,29.4,29.3,29.6,29.3,29.2,28.6,28,27.3,25.7,26.4,27.5,26.9
13051,24.2,25.8,24.7,26,26.2,26.4,24.6,24.9,24.2,23.3,22.8,22.9,22.5,22.3,21.7
51053,29.6,29.5,29,29.3,29.4,29.8,29.5,29.8,28.4,27.6,26.9,27.3,25.2,26.2,25.8
13043,28.9,29.2,28.1,29.2,28.4,29.2,28.1,28.5,28.3,28.3,26,25,24.4,24.9,24.2
51009,28.7,29.1,29.8,30.2,29.5,28.7,27.4,26,25,24.6,25.5,25.9,26.2,25.8,25.5
51770,29.3,30.2,30.4,30.1,30.1,30.1,29.1,27.8,28.2,28.2,27.7,28.6,28.8,28.1,27.7
37179,25.2,25.4,25.4,25.1,24.2,23.7,22.7,22.2,21.7,21,19.6,19.4,18.8,18.7,18.2
37189,21.4,20.9,21.4,22.3,22.8,22.5,22.5,22.5,21.8,20.7,19.9,19.1,18.5,18,17.6
51157,24.6,24.6,24.2,24.1,23.8,23.4,23,22.2,21.1,20.9,18.9,18.3,19.8,20.4,20.1
54085,31.5,31.4,32,31.7,31.6,32.2,31.5,31.1,31.6,31.8,31.3,31,31,31.4,30.5
51013,17.1,16.8,16.4,15.9,16,15.7,15.3,14.2,13.4,12.9,11.6,11.2,11,11.2,11
13285,27.4,27.2,26.5,27.6,27.3,26.9,26.3,25.9,25.3,25,25.6,25.4,25.7,25.3,24.7
13039,26.8,27.4,26.1,26.6,25.4,25.5,24.6,24.8,24.7,24.9,24.5,23.6,24.1,23.7,23.1
36019,26.8,26,26.3,26.4,25.7,25,25.2,24,22.6,22.5,22.6,21.7,21,20.1,19.6
45011,26.8,26.8,26.9,28.2,28.4,28.8,28.3,28.4,26.9,26.3,26.6,27,26.3,26.7,25.7
45057,29.2,29.7,30.2,32.1,32.5,32.3,31.3,30.8,29.4,28.5,27.8,27,26.6,25.3,24.3
37011,27.3,26.9,27.9,27.8,28.4,28.4,28.1,27.6,27,25.7,25.4,24.7,24,24.2,23.7
24001,26.1,26.5,26.2,27.4,28.5,27.9,27.4,27.3,26.4,26.6,25.9,25.6,24.9,24.8,24.2
37165,27.8,27.8,28,28.5,29.6,29.2,29.1,29.5,28.5,28.3,28.9,28.1,26.5,26,25.5
42073,30,29.2,29.6,29.5,28.8,28.8,28.9,27.5,26.7,26.4,25.2,24.2,24.3,25.4,24.8
42039,28.2,29.2,28.9,29.6,29.9,29.3,27.9,27.2,26.4,26,26.5,26.5,26.7,25.9,25.3
42015,28,27.9,27.7,28.2,29,29.1,28.5,28.1,26.9,26.6,26,25.5,23.9,24.2,23.6
13035,30.1,30.6,29.1,29.7,29.6,29.9,28.9,29,29.2,29.3,28.4,28.5,28.3,28.4,27.7
13001,29,29.6,28.2,29,28.6,28.8,27.3,27.3,27.3,27.2,26.1,26,25.1,26.3,25.7
36107,24.3,24.5,24.4,25.1,25.5,25.7,25.2,24.4,23.4,23.3,22.3,21.4,20.9,19.9,19.4
37121,28.8,28.3,28.6,27.7,28.7,28.6,27.9,27.5,27.6,27.8,26.9,27.3,26.8,26.9,26.3
45001,27.6,28.1,28.2,28.3,28.9,28.5,27.6,27.5,26.9,25.6,24.7,24.7,25.5,26.4,25.4
54095,31.4,31.1,30.8,30.9,30.7,30.6,30.8,30.7,30.6,30.6,31.3,30.2,29.7,30.3,29.5
51800,26,25.9,25.8,25.4,23.9,23.4,22.9,21.8,21.5,22.4,22.6,23,22.8,22.5,22.1
45023,30.4,30.5,30.3,31.3,33.1,32.7,32,32,31.4,30.5,29.8,28.9,29,28.1,27
13317,27.8,28.5,27.6,29,28.7,29.4,28.8,28.7,27.6,27.8,28,27.2,27.8,27.7,27
13155,27.9,28.3,27.4,28.9,29.8,30.5,30.3,30.4,31,31.7,29.4,28.2,28.5,29,28.2
36045,27.1,27.5,27.4,27.3,28.2,28.3,28.4,28,27.5,26.3,24.9,23.7,23.2,21.4,20.8
34001,27.4,27.3,27.2,28.1,28.1,29,27.3,27.1,26.2,25,23.9,23.8,23.2,23.4,22.8
42017,22.8,22.8,22.1,22.1,22.7,22.9,22.6,23,22.5,22.3,21.4,21,20.2,19.9,19.3
37037,22.8,22.7,22.8,23.1,22.9,22.6,22.1,21.6,21,20.4,19.4,18.8,19,18.8,18.3
37097,26.8,26.3,27.3,27.4,27.2,27.8,26.6,26.4,25.7,24.9,23.4,23,22,22,21.4
42061,27.8,28.4,27.5,27.7,28.2,27.2,26.8,27.1,26.7,26.1,25.2,24.3,23.9,24.4,23.8
37017,28.4,28.3,27.5,27.3,27.5,27.2,27.5,28.2,27.8,27.8,28.5,27.4,26.1,27,26.3
13025,29.7,30.2,29.2,30.6,30.2,30.2,30.1,29.8,30,29.7,30.1,30,30,30.9,30.2
13315,27.1,27.4,26.5,27.6,27.3,28.1,28,28.8,29,29.4,29.6,28.5,28.3,28.4,27.8
51700,27.1,27,27.6,27,25.9,26.2,25.5,24.3,23.9,23.9,23.2,23.3,23.2,23.2,22.9
51091,27.4,27.7,27.8,27.3,26.6,26.1,25.6,24.7,24.1,23.6,24.2,24.2,22.7,23.2,22.9
51810,25,24.4,23.7,23.6,23.9,23,22.7,22.3,22,21.6,21.8,21.7,21,20.2,19.9
51165,25.8,27,27.6,27.4,26.6,25.9,24.5,23.2,22,21.8,20.9,20.6,20,22,21.7
13183,28.3,28.5,27.7,29.1,28.9,29.3,29,29.4,29.3,28.4,28.1,28.1,24.8,25.5,24.9
13231,26.8,26.6,25.4,26.5,26.3,26.6,26.1,26.2,24.9,24.8,23.7,23.8,23.7,25.1,24.4
13113,20.6,21.5,20,19.9,18.8,18.7,18,18.1,18,17.6,16.9,16.8,16.9,16.3,15.8
13005,30,30.7,29.6,30.4,30.4,31.1,30.3,30.3,30.9,30.8,29.4,29.1,27.8,28.3,27.5
37183,20.2,19.8,20.1,19.2,18.8,18.5,17.9,17.8,17.4,17.3,16.7,16.2,15.8,15.3,14.9
45071,28.9,28.3,28.2,28,28.5,28.7,27.8,27.9,27.2,26.1,24.9,25.5,26.2,26.6,25.5
13071,29.1,29,27.3,28.6,28.1,28.9,28.2,27.9,28.1,28.1,28.1,27.5,28.4,26.6,25.8
13199,28.7,28.5,27.3,28.5,28.4,28.6,28.3,28.2,27.3,27,27.8,28.5,28.3,29.1,28.3
24025,23.1,23.2,22.5,23.2,22.7,23.4,22.9,22.5,22.2,21.7,20.8,19.6,19.8,19.3,18.8
51051,32.1,32.2,31.9,31.3,31.5,32,31.3,31.2,30.6,30.9,31.2,32.4,30.3,30.7,30.3
34035,18.5,18.8,18.2,18.5,18.4,17.4,16.5,15.9,15.3,14.7,13.7,13,12.8,12.8,12.4
36113,25.3,25.2,25.1,25.4,25.9,25.3,25.2,25.1,24.5,24.4,24,23.1,23.1,21.5,21
42107,30.7,29.5,29.5,30.2,30.7,29.3,29.3,28.6,28.1,27.8,28,27.4,27.5,27.1,26.4
42041,22.7,23,22.8,23,23.7,23.1,22.4,21.7,21.1,19.6,18.8,18.7,18.2,18.3,17.8
54071,27.9,28.5,28.4,27.8,27.8,27.4,25.9,25.4,25.6,25.4,26.3,27,26.9,28.7,27.9
51021,28.7,28.5,28.6,29.1,28.9,28.7,28.6,28,27,26.7,27.9,28.2,27.7,27.1,26.8
24043,26.8,27.1,26.3,26.6,26.9,26.6,26.9,26,25.5,25.2,23.8,22.8,22.6,22.1,21.5
13079,28.3,28.9,28,28.9,29,29.1,28,28.1,27.3,26.9,26.2,27.2,25.9,25.8,25.1
54025,27.7,28.3,28.8,29.8,29.8,30.6,29.2,28.5,28.6,27.9,27.9,27.9,28.2,28.1,27.3
42045,25,24.5,25,25.5,26.4,26.1,25.9,25.9,25.7,25.1,25.1,24.4,23.7,20.7,20.1
13273,27.7,27.8,26.6,27.5,27.1,27.1,27,27.5,27.8,28.5,28.5,28.3,28.1,28.5,27.8
42127,26.8,27.4,27.6,28,27.9,28.1,27.6,27.3,26.5,26.3,26.5,26.2,26.1,26,25.3
51031,28.1,28.3,29,28.7,28.1,27.4,26.6,26.2,25.5,25.4,25.5,26.1,25.6,25.5,25.1
13129,29.9,29.8,29.2,30.5,29.7,29.6,29.2,28.4,27.5,28.5,28,27.4,27.6,27,26.2
51121,22.6,21.9,22.1,21.5,21.2,21.4,20.6,19.9,19.1,18.7,18.7,18.7,18.1,17.7,17.5
51029,27.9,28.4,29.1,29.9,29.7,30.8,30.8,30.2,29.5,29.9,29.8,27.7,26.3,26.3,25.9
37055,27.2,27.1,27,26,26.1,25.7,25.9,25.9,25.9,24.9,24.6,23.5,23.5,21.9,21.4
13137,27.5,27.6,26.6,27.2,27.1,26.9,26,25.8,25.3,24.9,24.8,24.5,23.7,23.3,22.6
54043,34.8,35.6,34.1,34.2,34.4,34.1,33.1,33.4,32.9,32.6,32.2,31.6,31.4,32.2,31.4
42033,29.4,29.9,29.4,29.1,29.3,28.2,27.4,26.8,26.5,26.9,27,26.2,26,24.7,24.1
36105,25.9,26.3,26.3,26.6,26.7,27.5,26.9,26.9,25.7,25.6,25.3,24.9,25.1,24,23.4
42111,27.1,27.9,28.9,28.5,28.7,28.5,28.1,27.4,27.3,25.8,26,26.1,25.9,26.4,25.7
51023,25.1,25.2,25.2,25,24.3,23.8,23.3,22.3,21.7,21.9,21.5,22,22.3,22.4,22.1
51109,27,27.8,28.3,28.7,28,29.1,28.4,27.1,27,27.1,25,25.4,25,24.5,24.2
42055,26.7,26.6,25.9,26.6,26.5,25.5,24.8,24.9,23.8,22.6,22.2,22.8,21.7,22.9,22.3
13253,28.4,28.4,27.3,28.5,27.8,28.2,28.1,27.6,27.4,27.3,26,25,25,25.8,25.1
37095,29.6,29.6,29.7,29.7,29.6,29.5,29.1,29.4,28.4,28,27.5,28.9,25.7,25.7,25.2
42103,25.4,25.7,25.4,26.3,26.1,26.4,26,25.6,24.5,25.2,24.7,23.8,25.1,24.6,23.9
13105,28.3,28.7,27.7,30.1,30,31,30.9,30.8,29.5,29.2,27.9,26.8,26.5,27.6,26.9
45007,28.3,28.4,28.4,27.6,28.4,28,28,27.4,27.1,26.3,25.8,24.4,25.2,24.8,23.9
36061,22.2,22.3,21.9,21.9,21.9,20.7,19.6,18.8,17.6,16.9,16.5,16.1,15.9,14.6,14.2
36095,26.6,25.9,25.6,26.1,26.3,26.3,26.3,26.3,26,25.9,24.1,23.6,23.5,22.3,21.8
13301,28.4,28.8,27.8,29.2,29,29.4,28.9,29.6,28.8,29.6,30.4,28.2,28,28.1,27.5
13261,25.7,25.3,24.7,25.3,24.9,25.1,25.3,25.1,25.4,25.5,25.4,24.9,24.8,24.9,24.3
51045,27.8,27.5,27.5,27.6,26.9,27,26.5,25.7,25,25.2,25.1,23.8,24.3,25,24.7
13107,28.7,28.7,27.1,28.2,27.6,28.2,27.9,28.6,28.5,29.2,28.5,27.4,26.6,27,26.4
54015,31.3,31.7,32.2,31.6,33.3,33.1,32.1,31.4,31.6,30.8,32.2,32.3,32.3,33.3,32.4
42059,27.6,28.5,28.8,29.2,28.7,28.4,28.1,27.2,26.8,27,27.3,26.4,26.6,25.1,24.5
36081,22.5,22.6,21.8,21.9,22.4,22,21.2,20.4,19.6,19.1,18.1,17.6,17.4,16.9,16.5
36065,26.9,27.5,27.7,27.3,27.9,28.1,28,27.6,27.3,26.3,26.1,24.8,24.2,21.8,21.3
51079,24.2,25.3,25.9,26.6,26.5,27.2,26.3,25.2,24.1,24.3,23.8,22.5,21.9,23.3,23
54011,28,28.3,28.4,29.1,29.7,30.1,29,29.2,29.2,29,29.8,29.2,28.8,27.7,26.9
54061,22.3,24.1,24.8,24.4,24.3,24.2,21.9,21.8,22.4,21.4,21.2,21.9,21.1,21.6,21
51510,18.1,18.2,18.1,18.2,18.8,18.8,18.7,16.9,15.9,15,13.9,13.4,13.5,13.9,13.6
42063,26.5,27.1,26.4,26.1,26,25.7,25,24.5,24.3,23.8,23.2,22,21.3,20.9,20.4
24013,21.7,22.7,22.6,23.8,24.2,24,22.5,22.5,21,20,19.4,18.9,18.2,18.4,17.9
54103,30.9,31.1,30.6,30.8,30.7,30.4,30.8,30.4,30,29.3,30.3,28.3,29.7,29.1,28.3
13299,29.2,30.2,29.1,29.8,29.1,29.2,28.6,28.5,29,28.7,27.9,26.8,26.3,27.2,26.5
54091,28.6,29.4,29.9,30.3,30.8,30.5,28.5,27.9,27.3,26.4,26.7,27.1,26.2,27.3,26.5
37103,27,27.4,27.7,27.8,28.8,29.7,28.4,29.6,29.4,28.8,27.7,27.3,26.5,26.3,25.8
45049,27.2,27.7,28,27.8,28.2,27.6,26.7,25.7,25.6,25.2,24.5,24,24.6,25.8,24.8
51650,24.4,24,23.6,23.8,24.1,24.2,24.7,24.7,24.6,25,24.4,23.1,23.2,23,22.6
51095,20.6,20.8,20.7,20,19.5,19.6,19.1,18,17.5,17.3,17.1,16.7,17,16.8,16.5
42069,27.4,27,27.5,28.2,28.9,28.8,28.5,27.8,27.2,27.2,26.9,26,25.6,24,23.4
42013,28.7,29.3,28.3,27.7,28.5,27.8,27.3,26.8,27.3,26.8,25.9,24.6,24.7,24.2,23.6
13257,26.9,28,27.1,28.1,28.4,29.3,28,27.7,27.8,27.7,27.5,26.5,26.2,25.7,25
37047,29.6,29.8,29.8,29.8,30.6,30.8,30.3,30.9,29.9,29.7,28.7,28.2,27.1,27.2,26.6
37071,30.2,29.8,30.6,30.5,29.4,29.6,29.1,28.2,28.2,28.1,27.3,27.2,27.8,26.8,26.1
45025,30.7,30.5,30.8,31.4,31.8,31.8,31.7,31,29.7,28.1,27.4,26.1,26.3,26.5,25.5
36111,24.8,24.7,24.7,24.8,25.8,25.6,25.2,25,24.2,23.6,22.6,22.9,22,20.5,19.9
37021,27.5,28.1,27.4,27.2,27.8,27.8,26.3,26.4,25.7,24.3,22.9,22.8,22.1,22.3,21.8
37015,27,27.1,27.2,27.2,26.4,26.5,26.3,26.3,26.4,26.9,26.4,26.2,25.9,26.6,26
34031,23.8,24.4,24.5,24.1,24.2,23.5,22.1,21.3,20.8,20.2,19,18.8,18.6,18.7,18.1
45017,27,27.2,27,27,25.8,25.8,24.9,24.9,23.5,23,22.9,22.4,22.7,23.1,22.2
36087,20.8,20.8,20.9,20.8,20.7,19.7,18.8,17.9,17.4,16.6,16.2,16.1,16.1,15.9,15.5
51057,25.7,26.2,26.6,26.9,26.5,26.7,26.3,25.5,24.8,24.8,25.2,25.1,24.7,25,24.7
37135,20.5,20.3,19.6,18.3,18.5,17.9,16.7,16.3,16,15,15,15.3,15.3,15.7,15.3
34037,23.3,23,22.8,23.7,24,23.5,23.3,22.7,21.8,21.3,20.6,19.6,19.2,18.7,18.2
13123,28.9,29,28.3,29.5,29.1,29.3,30,30,29,29.8,28.9,27.4,26.5,26.9,26.1
13295,31.4,30.9,29.9,31.4,30.7,31.4,30.6,29.4,28.9,29.2,28.4,27.7,28,27.6,27
45047,27.3,26.8,26.7,26.8,27.4,27.4,26.1,26.3,26.9,26.4,25.7,26.4,26.9,25.9,24.9
51097,27.5,27.8,28.1,28.7,28.3,28.9,28.8,28.2,27.8,28.4,27.2,26.2,25.4,25.2,24.9
42099,27.3,27,27.7,27.9,28.3,27.7,26.9,25.5,24.8,24.1,22.9,22.9,22.3,23.2,22.6
13047,29.7,29.5,28,28.9,28.5,28.8,28,28.5,27.8,27.8,26.1,25.6,25.2,25.7,25.1
37099,26,26,26.1,26,26.6,26.7,27,27,27.4,26.7,25.6,24.8,24.2,24,23.4
13209,25.8,26.2,24.6,25.2,24.7,24.8,24.2,24.2,24.2,24.1,24.4,24.4,23.6,24.4,23.7
13237,26.5,26.6,25.4,26.1,25.7,26,25.2,25.9,25.3,25.2,24,22.9,22.7,22.9,22.2
51163,26.9,27.1,27,27,26.2,25.3,24.5,23.9,23.4,23.5,24.2,23.9,23.9,23.9,23.5
37137,26.9,26.8,27,28,28.2,29.4,28.4,28.5,26.3,25.7,23.4,24.4,22.8,23.7,23.1
13197,28.5,28.7,28,29.2,28.6,29.9,29.6,29.2,29.6,29.6,29,29.3,29.2,29.5,28.8
34025,22.9,23.3,22.3,22.8,23.1,22.8,22,21.6,20.2,20.2,18.9,18.1,18,18.2,17.8
13217,27.5,28,27.1,27.3,27,27.1,25.4,25.3,25.1,24.3,24.1,23.8,23.8,23.5,22.8
13249,28,28,27.2,28.3,27.8,28.3,28.3,27.9,27.8,27.6,27.8,26.8,26.1,26.6,26
51143,29.9,30,30,29.5,29.6,29.3,29.3,29,27.8,26.8,26.8,27.1,25.4,26.1,25.8
51167,30.2,30.7,30.6,30.3,31.5,31.5,31.1,29.9,28.6,28.2,27.8,27.8,27.7,28.4,28
13287,27.7,28.3,27,28.1,27.8,28.5,28.1,28.8,29,29.2,28.7,28.7,28.3,28.4,27.7
54105,30.5,30.8,31.1,30.7,31.3,31.9,31.1,30.3,30.3,30.2,29.5,28.6,30.2,31.1,30.3
51025,28.4,28.8,28.3,28.3,27.5,28.4,28.5,28.2,27.9,29.4,28.7,28.4,28.9,28.5,28.2
51093,25.9,25.8,26.2,25.3,23.9,23.4,23,21.6,21.5,21.3,21.4,21.4,20.7,20.7,20.4
24035,24.4,23.3,22.9,22.9,22.7,22.3,22.9,22.4,21.9,21.6,20.2,19.6,19.1,19.9,19.4
13125,30.2,29.9,29,29.9,29.5,29.5,29.6,30.2,29.7,30.2,27.9,27.3,26.2,26.6,25.9
42091,21.2,21.5,22,23.2,22.5,22.1,21.4,20.5,20.1,20.1,19.9,19.3,18.8,17.2,16.7
37025,26.5,26.4,26.6,26.7,26.7,26.3,25,24.1,23.6,22.9,22.1,22.6,22.6,22.1,21.5
42011,26.1,25.9,26,26.1,25.8,24.7,24.2,24.6,24.1,24.1,23.5,22.9,22.7,23,22.3
45015,27.4,26.8,27.5,27.5,28.3,28.2,27.5,27.4,27.2,26.1,24.5,24.4,23.6,24,23
54049,26.4,27.1,27.6,27.4,28.6,28.7,27.2,26.3,26,24.6,25.1,25.3,25.2,26.4,25.6
51087,22.2,21.9,21.5,21.4,21.7,21.7,21.3,20.9,20.1,19.6,19.5,19.9,19.7,19.1,18.7
36119,20.2,20.1,20.2,19.3,19.3,19.9,19,18.4,18.2,17.6,16.8,16.9,16,15.2,14.8
13185,26,25.8,24.7,25.5,24.5,24.5,24.7,25.2,24.8,25.1,26.2,25.5,25,23.9,23.3
